URL,Number of Images,Image 1 Name,Image 2 Name,Image 3 Name,Image 4 Name,Image 5 Name,Image 6 Name,Image 7 Name,Image 8 Name,Image 9 Name,Image 10 Name,Image 11 Name,Image 12 Name,Image 13 Name,Image 14 Name,Image 15 Name,Image 16 Name,Image 17 Name,Image 18 Name,Image 19 Name,Image 20 Name,Image 21 Name,Image 22 Name,Image 23 Name,Image 24 Name,Image 25 Name,Image 26 Name,Image 27 Name,Image 28 Name,Image 29 Name,Image 30 Name,Image 31 Name,Image 32 Name,Image 33 Name,Image 34 Name,Image 35 Name,Image 36 Name,Image 37 Name,Image 38 Name,Image 39 Name,Image 40 Name,Image 41 Name,Image 42 Name,Image 43 Name,Image 44 Name,Image 45 Name,Image 46 Name,Image 47 Name,Image 48 Name,Image 49 Name,Image 50 Name,Image 51 Name,Image 52 Name,Image 53 Name,Image 54 Name
https://www.dailymail.co.uk/news/article-3457441/Police-investigate-safety-houses-carved-flats-packed-migrants-home-town-Sports-Direct.html,2,dailymail_1.jpg,dailymail_2.jpg,,,,,,,,,,,,,,,,,,,,,,,,,,,,,,,,,,,,,,,,,,,,,,,,,,,,
https://www.dailymail.co.uk/news/texas/article-13314809/migrants-climb-fence-texas-high-school-border-patrol.html,7,dailymail_3.jpg,dailymail_4.jpg,dailymail_5.jpg,dailymail_6.jpg,dailymail_7.jpg,dailymail_8.jpg,dailymail_9.jpg,,,,,,,,,,,,,,,,,,,,,,,,,,,,,,,,,,,,,,,,,,,,,,,
https://www.dailymail.co.uk/news/article-14789649/Palestinian-activist-love-7th-October-Islamist-refugee-asylum.html,5,dailymail_10.jpg,dailymail_11.jpg,dailymail_12.jpg,dailymail_13.jpg,dailymail_14.jpg,,,,,,,,,,,,,,,,,,,,,,,,,,,,,,,,,,,,,,,,,,,,,,,,,
https://www.dailymail.co.uk/news/article-9637203/Nicaraguan-boy-seen-video-crying-border-patrol-agent-help-reunited-mom.html,6,dailymail_15.jpg,dailymail_16.jpg,dailymail_17.jpg,dailymail_18.jpg,dailymail_19.jpg,dailymail_20.jpg,,,,,,,,,,,,,,,,,,,,,,,,,,,,,,,,,,,,,,,,,,,,,,,,
https://www.dailymail.co.uk/news/article-15003423/Labour-councillor-called-far-right-protesters-throats-cut-anti-racism-rally-cleared-encouraging-violent-disorder.html,8,dailymail_21.jpg,dailymail_22.jpg,dailymail_23.jpg,dailymail_24.jpg,dailymail_25.jpg,dailymail_26.jpg,dailymail_27.jpg,dailymail_28.jpg,,,,,,,,,,,,,,,,,,,,,,,,,,,,,,,,,,,,,,,,,,,,,,
https://www.dailymail.co.uk/news/article-13091179/home-office-bradford-middlesbrough-asylum-seekers.html,11,dailymail_29.jpg,dailymail_30.jpg,dailymail_31.jpg,dailymail_32.jpg,dailymail_33.jpg,dailymail_34.jpg,dailymail_35.jpg,dailymail_36.jpg,dailymail_37.jpg,dailymail_38.jpg,dailymail_39.jpg,,,,,,,,,,,,,,,,,,,,,,,,,,,,,,,,,,,,,,,,,,,
https://www.dailymail.co.uk/news/article-3187375/Hundreds-migrants-saved-overcrowded-smugglers-boat-Med-just-one-day-200-feared-drowned-ship-capsized.html,17,dailymail_40.jpg,dailymail_41.jpg,dailymail_42.jpg,dailymail_43.jpg,dailymail_44.jpg,dailymail_45.jpg,dailymail_46.jpg,dailymail_47.jpg,dailymail_48.jpg,dailymail_49.jpg,dailymail_50.jpg,dailymail_51.jpg,dailymail_52.jpg,dailymail_53.jpg,dailymail_54.jpg,dailymail_55.jpg,dailymail_56.jpg,,,,,,,,,,,,,,,,,,,,,,,,,,,,,,,,,,,,,
https://www.dailymail.co.uk/news/article-8989377/Schoolgirl-tells-Somali-refugee-12-drowned-pushed-play-fight-river.html,4,dailymail_57.jpg,dailymail_58.jpg,dailymail_59.jpg,dailymail_60.jpg,,,,,,,,,,,,,,,,,,,,,,,,,,,,,,,,,,,,,,,,,,,,,,,,,,
https://www.dailymail.co.uk/news/article-6711063/ISIS-bride-Shamima-Begum-says-loves-jihadi-husband-contractions.html,5,dailymail_61.jpg,dailymail_62.jpg,dailymail_63.jpg,dailymail_64.jpg,dailymail_65.jpg,,,,,,,,,,,,,,,,,,,,,,,,,,,,,,,,,,,,,,,,,,,,,,,,,
https://www.dailymail.co.uk/news/article-8654959/Scott-Morrisons-Sri-Lankan-curry-sparks-row-Murugappan-family-held-immigration-detention.html,10,dailymail_66.jpg,dailymail_67.jpg,dailymail_68.jpg,dailymail_69.jpg,dailymail_70.jpg,dailymail_71.jpg,dailymail_72.jpg,dailymail_73.jpg,dailymail_74.jpg,dailymail_75.jpg,,,,,,,,,,,,,,,,,,,,,,,,,,,,,,,,,,,,,,,,,,,,
https://www.dailymail.co.uk/news/article-8343333/Nigel-Farage-says-NINE-boats-carrying-migrants-Channel-morning.html,14,dailymail_76.jpg,dailymail_77.jpg,dailymail_78.jpg,dailymail_79.jpg,dailymail_80.jpg,dailymail_81.jpg,dailymail_82.jpg,dailymail_83.jpg,dailymail_84.jpg,dailymail_85.jpg,dailymail_86.jpg,dailymail_87.jpg,dailymail_88.jpg,dailymail_89.jpg,,,,,,,,,,,,,,,,,,,,,,,,,,,,,,,,,,,,,,,,
https://www.dailymail.co.uk/news/article-9369815/Priti-Patel-plans-sweeping-changes-string-cases-adult-refugees-schools.html,3,dailymail_90.jpg,dailymail_91.jpg,dailymail_92.jpg,,,,,,,,,,,,,,,,,,,,,,,,,,,,,,,,,,,,,,,,,,,,,,,,,,,
https://www.dailymail.co.uk/news/article-7129621/Rep-Omar-filed-joint-tax-returns-married-husband.html,9,dailymail_93.jpg,dailymail_94.jpg,dailymail_95.jpg,dailymail_96.jpg,dailymail_97.jpg,dailymail_98.jpg,dailymail_99.jpg,dailymail_100.jpg,dailymail_101.jpg,,,,,,,,,,,,,,,,,,,,,,,,,,,,,,,,,,,,,,,,,,,,,
https://www.dailymail.co.uk/news/article-10191579/Mexican-cartel-member-linked-tried-flee-Texas-cops-swimming-Mexico.html,4,dailymail_102.jpg,dailymail_103.jpg,dailymail_104.jpg,dailymail_105.jpg,,,,,,,,,,,,,,,,,,,,,,,,,,,,,,,,,,,,,,,,,,,,,,,,,,
https://www.dailymail.co.uk/news/article-13230927/female-ukrainian-reject-plea-deal-refugee-usa-cyclist.html,9,dailymail_106.jpg,dailymail_107.jpg,dailymail_108.jpg,dailymail_109.jpg,dailymail_110.jpg,dailymail_111.jpg,dailymail_112.jpg,dailymail_113.jpg,dailymail_114.jpg,,,,,,,,,,,,,,,,,,,,,,,,,,,,,,,,,,,,,,,,,,,,,
https://www.dailymail.co.uk/news/article-6673297/Failed-Afghan-asylum-seeker-stabbed-girlfriend-death-jailed-life-Germany.html,5,dailymail_115.jpg,dailymail_116.jpg,dailymail_117.jpg,dailymail_118.jpg,dailymail_119.jpg,,,,,,,,,,,,,,,,,,,,,,,,,,,,,,,,,,,,,,,,,,,,,,,,,
https://www.dailymail.co.uk/news/article-14554107/Britains-asylum-seeker-sanctuaries.html,21,dailymail_120.jpg,dailymail_121.jpg,dailymail_122.jpg,dailymail_123.jpg,dailymail_124.jpg,dailymail_125.jpg,dailymail_126.jpg,dailymail_127.jpg,dailymail_128.jpg,dailymail_129.jpg,dailymail_130.jpg,dailymail_131.jpg,dailymail_132.jpg,dailymail_133.jpg,dailymail_134.jpg,dailymail_135.jpg,dailymail_136.jpg,dailymail_137.jpg,dailymail_138.jpg,dailymail_139.jpg,dailymail_140.jpg,,,,,,,,,,,,,,,,,,,,,,,,,,,,,,,,,
https://www.dailymail.co.uk/news/article-7455895/Fraud-gang-SPARED-jail-massive-immigration-scam.html,5,dailymail_141.jpg,dailymail_142.jpg,dailymail_143.jpg,dailymail_144.jpg,dailymail_145.jpg,,,,,,,,,,,,,,,,,,,,,,,,,,,,,,,,,,,,,,,,,,,,,,,,,
https://www.dailymail.co.uk/news/article-11946489/Ukraine-scammers.html,15,dailymail_146.jpg,dailymail_147.jpg,dailymail_148.jpg,dailymail_149.jpg,dailymail_150.jpg,dailymail_151.jpg,dailymail_152.jpg,dailymail_153.jpg,dailymail_154.jpg,dailymail_155.jpg,dailymail_156.jpg,dailymail_157.jpg,dailymail_158.jpg,dailymail_159.jpg,dailymail_160.jpg,,,,,,,,,,,,,,,,,,,,,,,,,,,,,,,,,,,,,,,
https://www.dailymail.co.uk/news/article-7909947/Children-rescued-concentration-camps-taken-Lake-District-recall-joy.html,4,dailymail_161.jpg,dailymail_162.jpg,dailymail_163.jpg,dailymail_164.jpg,,,,,,,,,,,,,,,,,,,,,,,,,,,,,,,,,,,,,,,,,,,,,,,,,,
https://www.dailymail.co.uk/news/article-12704201/Israel-forces-height-battle-says-Netanyahu-commanders-close-Hamas-bases-Gaza.html,9,dailymail_165.jpg,dailymail_166.jpg,dailymail_167.jpg,dailymail_168.jpg,dailymail_169.jpg,dailymail_170.jpg,dailymail_171.jpg,dailymail_172.jpg,dailymail_173.jpg,,,,,,,,,,,,,,,,,,,,,,,,,,,,,,,,,,,,,,,,,,,,,
https://www.dailymail.co.uk/news/article-5262683/Trump-says-deal-brings-people-high-crime-countries.html,16,dailymail_174.jpg,dailymail_175.jpg,dailymail_176.jpg,dailymail_177.jpg,dailymail_178.jpg,dailymail_179.jpg,dailymail_180.jpg,dailymail_181.jpg,dailymail_182.jpg,dailymail_183.jpg,dailymail_184.jpg,dailymail_185.jpg,dailymail_186.jpg,dailymail_187.jpg,dailymail_188.jpg,dailymail_189.jpg,,,,,,,,,,,,,,,,,,,,,,,,,,,,,,,,,,,,,,
https://www.dailymail.co.uk/news/article-4192506/UK-needs-new-home-five-minutes-house-migrants.html,3,dailymail_190.jpg,dailymail_191.jpg,dailymail_192.jpg,,,,,,,,,,,,,,,,,,,,,,,,,,,,,,,,,,,,,,,,,,,,,,,,,,,
https://www.dailymail.co.uk/news/article-7620419/Prisoner-star-Anne-Phelan-dies-aged-71.html,2,dailymail_193.jpg,dailymail_194.jpg,,,,,,,,,,,,,,,,,,,,,,,,,,,,,,,,,,,,,,,,,,,,,,,,,,,,
https://www.dailymail.co.uk/news/article-6951107/Border-militia-leader-felon-convictions-dating-1996-including-impersonating-cop.html,9,dailymail_195.jpg,dailymail_196.jpg,dailymail_197.jpg,dailymail_198.jpg,dailymail_199.jpg,dailymail_200.jpg,dailymail_201.jpg,dailymail_202.jpg,dailymail_203.jpg,,,,,,,,,,,,,,,,,,,,,,,,,,,,,,,,,,,,,,,,,,,,,
https://www.dailymail.co.uk/news/article-3570157/Nauru-refugee-Hadon-Somalia-set-fire-critical-condition.html,13,dailymail_204.jpg,dailymail_205.jpg,dailymail_206.jpg,dailymail_207.jpg,dailymail_208.jpg,dailymail_209.jpg,dailymail_210.jpg,dailymail_211.jpg,dailymail_212.jpg,dailymail_213.jpg,dailymail_214.jpg,dailymail_215.jpg,dailymail_216.jpg,,,,,,,,,,,,,,,,,,,,,,,,,,,,,,,,,,,,,,,,,
https://www.dailymail.co.uk/news/article-14944849/Protesters-Epping-want-voices-heard-wont-stop-migrant-hotel-closed-two-tier-Starmer-starts-snooping-social-posts.html,28,dailymail_217.jpg,dailymail_218.jpg,dailymail_219.jpg,dailymail_220.jpg,dailymail_221.jpg,dailymail_222.jpg,dailymail_223.jpg,dailymail_224.jpg,dailymail_225.jpg,dailymail_226.jpg,dailymail_227.jpg,dailymail_228.jpg,dailymail_229.jpg,dailymail_230.jpg,dailymail_231.jpg,dailymail_232.jpg,dailymail_233.jpg,dailymail_234.jpg,dailymail_235.jpg,dailymail_236.jpg,dailymail_237.jpg,dailymail_238.jpg,dailymail_239.jpg,dailymail_240.jpg,dailymail_241.jpg,dailymail_242.jpg,dailymail_243.jpg,dailymail_244.jpg,,,,,,,,,,,,,,,,,,,,,,,,,,
https://www.dailymail.co.uk/news/article-12859567/Democrats-tear-Biden-using-migrants-bargaining-chip.html,7,dailymail_245.jpg,dailymail_246.jpg,dailymail_247.jpg,dailymail_248.jpg,dailymail_249.jpg,dailymail_250.jpg,dailymail_251.jpg,,,,,,,,,,,,,,,,,,,,,,,,,,,,,,,,,,,,,,,,,,,,,,,
https://www.dailymail.co.uk/news/article-3199084/Yet-boatloads-Syrians-land-Kos-screening-centre-opens-cruise-liner-experts-say-250-000-arrived-Europe-far-year.html,20,dailymail_252.jpg,dailymail_253.jpg,dailymail_254.jpg,dailymail_255.jpg,dailymail_256.jpg,dailymail_257.jpg,dailymail_258.jpg,dailymail_259.jpg,dailymail_260.jpg,dailymail_261.jpg,dailymail_262.jpg,dailymail_263.jpg,dailymail_264.jpg,dailymail_265.jpg,dailymail_266.jpg,dailymail_267.jpg,dailymail_268.jpg,dailymail_269.jpg,dailymail_270.jpg,dailymail_271.jpg,,,,,,,,,,,,,,,,,,,,,,,,,,,,,,,,,,
https://www.dailymail.co.uk/news/article-5221917/2-2million-home-rented-council-Somali-refugee-family.html,5,dailymail_272.jpg,dailymail_273.jpg,dailymail_274.jpg,dailymail_275.jpg,dailymail_276.jpg,,,,,,,,,,,,,,,,,,,,,,,,,,,,,,,,,,,,,,,,,,,,,,,,,
https://www.dailymail.co.uk/news/article-11448165/Albanian-teenager-broke-womans-home-Dover-took-phone-ring-violent-crook-40.html,3,dailymail_277.jpg,dailymail_278.jpg,dailymail_279.jpg,,,,,,,,,,,,,,,,,,,,,,,,,,,,,,,,,,,,,,,,,,,,,,,,,,,
https://www.dailymail.co.uk/news/snp/index.html,0,,,,,,,,,,,,,,,,,,,,,,,,,,,,,,,,,,,,,,,,,,,,,,,,,,,,,,
https://www.dailymail.co.uk/news/article-3148048/Reigning-Miss-Universe-rebukes-Trump-hurtful-unfair-migrant-remarks-says-isn-t-giving-crown.html,5,dailymail_280.jpg,dailymail_281.jpg,dailymail_282.jpg,dailymail_283.jpg,dailymail_284.jpg,,,,,,,,,,,,,,,,,,,,,,,,,,,,,,,,,,,,,,,,,,,,,,,,,
https://www.dailymail.co.uk/news/article-13991163/Two-migrants-die-reach-Britain-Channel-tragedy.html,4,dailymail_285.jpg,dailymail_286.jpg,dailymail_287.jpg,dailymail_288.jpg,,,,,,,,,,,,,,,,,,,,,,,,,,,,,,,,,,,,,,,,,,,,,,,,,,
https://www.dailymail.co.uk/news/article-8326809/Serbia-sends-army-border-Croatia-secure-three-migrants-camps-holding-1-500.html,4,dailymail_289.jpg,dailymail_290.jpg,dailymail_291.jpg,dailymail_292.jpg,,,,,,,,,,,,,,,,,,,,,,,,,,,,,,,,,,,,,,,,,,,,,,,,,,
https://www.dailymail.co.uk/news/article-12179693/Church-England-open-land-travellers-following-calls-bishop.html,6,dailymail_293.jpg,dailymail_294.jpg,dailymail_295.jpg,dailymail_296.jpg,dailymail_297.jpg,dailymail_298.jpg,,,,,,,,,,,,,,,,,,,,,,,,,,,,,,,,,,,,,,,,,,,,,,,,
https://www.dailymail.co.uk/news/article-6363043/Now-12-year-old-BROTHER-father-two-asylum-seeker-30-removed-school.html,4,dailymail_299.jpg,dailymail_300.jpg,dailymail_301.jpg,dailymail_302.jpg,,,,,,,,,,,,,,,,,,,,,,,,,,,,,,,,,,,,,,,,,,,,,,,,,,
https://www.dailymail.co.uk/news/article-3248121/World-s-grumpiest-old-woman-glues-bottom-Debenhams-window-protest-treatment-migrants.html,3,dailymail_303.jpg,dailymail_304.jpg,dailymail_305.jpg,,,,,,,,,,,,,,,,,,,,,,,,,,,,,,,,,,,,,,,,,,,,,,,,,,,
https://www.dailymail.co.uk/news/article-7896737/Rap-star-M-s-prestigious-MBE-award-came-attached-ribbon-stitched-mother.html,3,dailymail_306.jpg,dailymail_307.jpg,dailymail_308.jpg,,,,,,,,,,,,,,,,,,,,,,,,,,,,,,,,,,,,,,,,,,,,,,,,,,,
https://www.dailymail.co.uk/news/article-9471015/Nicaragua-pushes-return-10-year-old-migrant-boy-Border-Patrol-agent.html,7,dailymail_309.jpg,dailymail_310.jpg,dailymail_311.jpg,dailymail_312.jpg,dailymail_313.jpg,dailymail_314.jpg,dailymail_315.jpg,,,,,,,,,,,,,,,,,,,,,,,,,,,,,,,,,,,,,,,,,,,,,,,
https://www.dailymail.co.uk/news/article-4921812/Migrant-accused-rape-Germany-calls-victim-prostitute.html,5,dailymail_316.jpg,dailymail_317.jpg,dailymail_318.jpg,dailymail_319.jpg,dailymail_320.jpg,,,,,,,,,,,,,,,,,,,,,,,,,,,,,,,,,,,,,,,,,,,,,,,,,
https://www.dailymail.co.uk/news/article-13475223/Secret-memo-reveals-Ireland-preparing-record-levels-asylum-seekers-country-faces-migrant-crisis-linked-Britains-Rwanda-scheme-police-smashing-tent-camp-Dublin.html,11,dailymail_321.jpg,dailymail_322.jpg,dailymail_323.jpg,dailymail_324.jpg,dailymail_325.jpg,dailymail_326.jpg,dailymail_327.jpg,dailymail_328.jpg,dailymail_329.jpg,dailymail_330.jpg,dailymail_331.jpg,,,,,,,,,,,,,,,,,,,,,,,,,,,,,,,,,,,,,,,,,,,
https://www.dailymail.co.uk/news/queen-victoria/index.html,0,,,,,,,,,,,,,,,,,,,,,,,,,,,,,,,,,,,,,,,,,,,,,,,,,,,,,,
https://www.dailymail.co.uk/news/article-12550581/NYC-migrants-working-roosevelt-hotel.html,8,dailymail_332.jpg,dailymail_333.jpg,dailymail_334.jpg,dailymail_335.jpg,dailymail_336.jpg,dailymail_337.jpg,dailymail_338.jpg,dailymail_339.jpg,,,,,,,,,,,,,,,,,,,,,,,,,,,,,,,,,,,,,,,,,,,,,,
https://www.dailymail.co.uk/news/article-14939703/Reduced-skin-bones-Gaza-famine-hell-Horrifying-picture-shows-starving-child-plastic-bag-nappy-lying-exhausted-arms-desperate-mother.html,13,dailymail_340.jpg,dailymail_341.jpg,dailymail_342.jpg,dailymail_343.jpg,dailymail_344.jpg,dailymail_345.jpg,dailymail_346.jpg,dailymail_347.jpg,dailymail_348.jpg,dailymail_349.jpg,dailymail_350.jpg,dailymail_351.jpg,dailymail_352.jpg,,,,,,,,,,,,,,,,,,,,,,,,,,,,,,,,,,,,,,,,,
https://www.dailymail.co.uk/news/article-5754179/Bathers-banned-Costa-Blanca-waters-jellyfish-invaded-coastline.html,6,dailymail_353.jpg,dailymail_354.jpg,dailymail_355.jpg,dailymail_356.jpg,dailymail_357.jpg,dailymail_358.jpg,,,,,,,,,,,,,,,,,,,,,,,,,,,,,,,,,,,,,,,,,,,,,,,,
https://www.dailymail.co.uk/news/article-12576645/Asylum-seekers-gaming-remain-UK-50-migrants-adults-pretending-children-Suella-Braverman-claims-just-days-threatening-leave-European-Convention-Human-Rights.html,7,dailymail_359.jpg,dailymail_360.jpg,dailymail_361.jpg,dailymail_362.jpg,dailymail_363.jpg,dailymail_364.jpg,dailymail_365.jpg,,,,,,,,,,,,,,,,,,,,,,,,,,,,,,,,,,,,,,,,,,,,,,,
https://www.dailymail.co.uk/news/article-4093158/Deng-Adut-s-brother-killed-returning-Sudan-no-one-Australia-employ-him.html,6,dailymail_366.jpg,dailymail_367.jpg,dailymail_368.jpg,dailymail_369.jpg,dailymail_370.jpg,dailymail_371.jpg,,,,,,,,,,,,,,,,,,,,,,,,,,,,,,,,,,,,,,,,,,,,,,,,
https://www.dailymail.co.uk/news/article-3676268/Migrants-crossing-Med-60-cent-year-227-000-estimated-arrived-Europe-start-2016.html,2,dailymail_372.jpg,dailymail_373.jpg,,,,,,,,,,,,,,,,,,,,,,,,,,,,,,,,,,,,,,,,,,,,,,,,,,,,
https://www.dailymail.co.uk/news/article-5101943/Teen-immigrant-Burma-killed-laundromat-job.html,7,dailymail_374.jpg,dailymail_375.jpg,dailymail_376.jpg,dailymail_377.jpg,dailymail_378.jpg,dailymail_379.jpg,dailymail_380.jpg,,,,,,,,,,,,,,,,,,,,,,,,,,,,,,,,,,,,,,,,,,,,,,,
https://www.dailymail.co.uk/news/article-3489891/Oliver-Bridgeman-Queensland-says-government-betrayed-cancelling-passport-doing-aid-work-Syria.html,13,dailymail_381.jpg,dailymail_382.jpg,dailymail_383.jpg,dailymail_384.jpg,dailymail_385.jpg,dailymail_386.jpg,dailymail_387.jpg,dailymail_388.jpg,dailymail_389.jpg,dailymail_390.jpg,dailymail_391.jpg,dailymail_392.jpg,dailymail_393.jpg,,,,,,,,,,,,,,,,,,,,,,,,,,,,,,,,,,,,,,,,,
https://www.dailymail.co.uk/news/immigration/index.html?page=6,0,,,,,,,,,,,,,,,,,,,,,,,,,,,,,,,,,,,,,,,,,,,,,,,,,,,,,,
https://www.dailymail.co.uk/news/article-8681547/Far-right-councillor-wants-town-whites-launches-campaign.html,3,dailymail_394.jpg,dailymail_395.jpg,dailymail_396.jpg,,,,,,,,,,,,,,,,,,,,,,,,,,,,,,,,,,,,,,,,,,,,,,,,,,,
https://www.dailymail.co.uk/news/article-9286973/Worlds-largest-daffodil-grower-Cornwall-forced-let-flowers-ROT-not-pickers.html,6,dailymail_397.jpg,dailymail_398.jpg,dailymail_399.jpg,dailymail_400.jpg,dailymail_401.jpg,dailymail_402.jpg,,,,,,,,,,,,,,,,,,,,,,,,,,,,,,,,,,,,,,,,,,,,,,,,
https://www.dailymail.co.uk/news/english-channel/index.html,0,,,,,,,,,,,,,,,,,,,,,,,,,,,,,,,,,,,,,,,,,,,,,,,,,,,,,,
https://www.dailymail.co.uk/news/article-13364107/Now-bungling-Home-Office-officials-admit-THOUSANDS-migrants-set-deported-Rwanda-Rishi-Sunaks-crackdown.html,3,dailymail_403.jpg,dailymail_404.jpg,dailymail_405.jpg,,,,,,,,,,,,,,,,,,,,,,,,,,,,,,,,,,,,,,,,,,,,,,,,,,,
https://www.dailymail.co.uk/news/article-3116667/ISIS-kidnap-86-Eritrean-Christians-people-smuggling-caravan-Libya-stopping-trucks-quizzing-Koran-Muslim.html,8,dailymail_406.jpg,dailymail_407.jpg,dailymail_408.jpg,dailymail_409.jpg,dailymail_410.jpg,dailymail_411.jpg,dailymail_412.jpg,dailymail_413.jpg,,,,,,,,,,,,,,,,,,,,,,,,,,,,,,,,,,,,,,,,,,,,,,
https://www.dailymail.co.uk/news/article-12727613/Sir-Michael-Palin-claims-King-Charles-discussed-need-make-refugees-welcome-Britain-humanitarian-ball-Buckingham-Palace.html,5,dailymail_414.jpg,dailymail_415.jpg,dailymail_416.jpg,dailymail_417.jpg,dailymail_418.jpg,,,,,,,,,,,,,,,,,,,,,,,,,,,,,,,,,,,,,,,,,,,,,,,,,
https://www.dailymail.co.uk/news/uk-government/index.html?page=7,0,,,,,,,,,,,,,,,,,,,,,,,,,,,,,,,,,,,,,,,,,,,,,,,,,,,,,,
https://www.dailymail.co.uk/news/article-9739189/Shamima-Begum-poses-no-threat-allowed-home-says-diplomat.html,6,dailymail_419.jpg,dailymail_420.jpg,dailymail_421.jpg,dailymail_422.jpg,dailymail_423.jpg,dailymail_424.jpg,,,,,,,,,,,,,,,,,,,,,,,,,,,,,,,,,,,,,,,,,,,,,,,,
https://www.dailymail.co.uk/news/article-12960829/After-nearly-month-no-small-boats-Christmas-five-years-without-Channel-crossings-140-migrants-end-historic-record-landing-Dover.html,4,dailymail_425.jpg,dailymail_426.jpg,dailymail_427.jpg,dailymail_428.jpg,,,,,,,,,,,,,,,,,,,,,,,,,,,,,,,,,,,,,,,,,,,,,,,,,,
https://www.dailymail.co.uk/news/article-12355773/Fears-Bibby-Stockholm-migrant-barge-floating-Grenfell-fire-safety-concerns-government-plans-house-thousands-asylum-seekers-face-setbacks.html,6,dailymail_429.jpg,dailymail_430.jpg,dailymail_431.jpg,dailymail_432.jpg,dailymail_433.jpg,dailymail_434.jpg,,,,,,,,,,,,,,,,,,,,,,,,,,,,,,,,,,,,,,,,,,,,,,,,
https://www.dailymail.co.uk/news/article-6767599/Family-Syrian-refugee-16-sue-EDL-founder-Tommy-Robinson.html,2,dailymail_435.jpg,dailymail_436.jpg,,,,,,,,,,,,,,,,,,,,,,,,,,,,,,,,,,,,,,,,,,,,,,,,,,,,
https://www.dailymail.co.uk/news/article-8839507/Army-halts-live-shooting-exercise-migrants-land-firing-range.html,25,dailymail_437.jpg,dailymail_438.jpg,dailymail_439.jpg,dailymail_440.jpg,dailymail_441.jpg,dailymail_442.jpg,dailymail_443.jpg,dailymail_444.jpg,dailymail_445.jpg,dailymail_446.jpg,dailymail_447.jpg,dailymail_448.jpg,dailymail_449.jpg,dailymail_450.jpg,dailymail_451.jpg,dailymail_452.jpg,dailymail_453.jpg,dailymail_454.jpg,dailymail_455.jpg,dailymail_456.jpg,dailymail_457.jpg,dailymail_458.jpg,dailymail_459.jpg,dailymail_460.jpg,dailymail_461.jpg,,,,,,,,,,,,,,,,,,,,,,,,,,,,,
https://www.dailymail.co.uk/news/article-4316908/Afghan-migrants-raped-woman-friend-livestreamed.html,2,dailymail_462.jpg,dailymail_463.jpg,,,,,,,,,,,,,,,,,,,,,,,,,,,,,,,,,,,,,,,,,,,,,,,,,,,,
https://www.dailymail.co.uk/news/article-3400724/Switzerland-copies-Denmark-forces-migrants-hand-possessions-help-pay-upkeep-claims-10-wages-earn-ten-years.html,2,dailymail_464.jpg,dailymail_465.jpg,,,,,,,,,,,,,,,,,,,,,,,,,,,,,,,,,,,,,,,,,,,,,,,,,,,,
https://www.dailymail.co.uk/news/article-13713487/Labour-end-use-large-military-sites-housing-asylum-seekers-instead-scatter-migrants-Britain.html,3,dailymail_466.jpg,dailymail_467.jpg,dailymail_468.jpg,,,,,,,,,,,,,,,,,,,,,,,,,,,,,,,,,,,,,,,,,,,,,,,,,,,
https://www.dailymail.co.uk/news/article-14939497/second-police-force-fury-escort-pro-migrant-protest.html,15,dailymail_469.jpg,dailymail_470.jpg,dailymail_471.jpg,dailymail_472.jpg,dailymail_473.jpg,dailymail_474.jpg,dailymail_475.jpg,dailymail_476.jpg,dailymail_477.jpg,dailymail_478.jpg,dailymail_479.jpg,dailymail_480.jpg,dailymail_481.jpg,dailymail_482.jpg,dailymail_483.jpg,,,,,,,,,,,,,,,,,,,,,,,,,,,,,,,,,,,,,,,
https://www.dailymail.co.uk/news/article-3634814/Shut-Ranting-Eddie-Izzard-slapped-Question-Time-audience-accuses-Nigel-Farage-betraying-immigrant-roots-call-Brexit.html,12,dailymail_484.jpg,dailymail_485.jpg,dailymail_486.jpg,dailymail_487.jpg,dailymail_488.jpg,dailymail_489.jpg,dailymail_490.jpg,dailymail_491.jpg,dailymail_492.jpg,dailymail_493.jpg,dailymail_494.jpg,dailymail_495.jpg,,,,,,,,,,,,,,,,,,,,,,,,,,,,,,,,,,,,,,,,,,
https://www.dailymail.co.uk/news/article-7785381/Angela-Merkel-named-worlds-powerful-woman-Forbes.html,7,dailymail_496.jpg,dailymail_497.jpg,dailymail_498.jpg,dailymail_499.jpg,dailymail_500.jpg,dailymail_501.jpg,dailymail_502.jpg,,,,,,,,,,,,,,,,,,,,,,,,,,,,,,,,,,,,,,,,,,,,,,,
https://www.dailymail.co.uk/news/article-11886349/How-turmoil-Tunisia-lead-1-000-extra-people-day-landing-Italy-summer.html,15,dailymail_503.jpg,dailymail_504.jpg,dailymail_505.jpg,dailymail_506.jpg,dailymail_507.jpg,dailymail_508.jpg,dailymail_509.jpg,dailymail_510.jpg,dailymail_511.jpg,dailymail_512.jpg,dailymail_513.jpg,dailymail_514.jpg,dailymail_515.jpg,dailymail_516.jpg,dailymail_517.jpg,,,,,,,,,,,,,,,,,,,,,,,,,,,,,,,,,,,,,,,
https://www.dailymail.co.uk/news/article-3858552/Gary-Lineker-admits-s-getting-spanking-child-migrant-tweets-says-BBC-won-t-sack-calling-critics-heartless-racist.html,10,dailymail_518.jpg,dailymail_519.jpg,dailymail_520.jpg,dailymail_521.jpg,dailymail_522.jpg,dailymail_523.jpg,dailymail_524.jpg,dailymail_525.jpg,dailymail_526.jpg,dailymail_527.jpg,,,,,,,,,,,,,,,,,,,,,,,,,,,,,,,,,,,,,,,,,,,,
https://www.dailymail.co.uk/news/article-3349453/Is-Congratulations-Grey-haired-groom-marries-12-year-old-girl-Lebanon-reactions-shocking.html,9,dailymail_528.jpg,dailymail_529.jpg,dailymail_530.jpg,dailymail_531.jpg,dailymail_532.jpg,dailymail_533.jpg,dailymail_534.jpg,dailymail_535.jpg,dailymail_536.jpg,,,,,,,,,,,,,,,,,,,,,,,,,,,,,,,,,,,,,,,,,,,,,
https://www.dailymail.co.uk/news/article-14739757/More-100-000-people-waiting-asylum-decision-despite-Labours-vow-clear-backlog-hotels-new-data-reveals-UKs-asylum-hotspots.html,1,dailymail_537.jpg,,,,,,,,,,,,,,,,,,,,,,,,,,,,,,,,,,,,,,,,,,,,,,,,,,,,,
https://www.dailymail.co.uk/news/article-10700871/France-blasts-crime-against-humanity-Russian-troops-fired-Tockha-U-missiles-refugees.html,35,dailymail_538.jpg,dailymail_539.jpg,dailymail_540.jpg,dailymail_541.jpg,dailymail_542.jpg,dailymail_543.jpg,dailymail_544.jpg,dailymail_545.jpg,dailymail_546.jpg,dailymail_547.jpg,dailymail_548.jpg,dailymail_549.jpg,dailymail_550.jpg,dailymail_551.jpg,dailymail_552.jpg,dailymail_553.jpg,dailymail_554.jpg,dailymail_555.jpg,dailymail_556.jpg,dailymail_557.jpg,dailymail_558.jpg,dailymail_559.jpg,dailymail_560.jpg,dailymail_561.jpg,dailymail_562.jpg,dailymail_563.jpg,dailymail_564.jpg,dailymail_565.jpg,dailymail_566.jpg,dailymail_567.jpg,dailymail_568.jpg,dailymail_569.jpg,dailymail_570.jpg,dailymail_571.jpg,dailymail_572.jpg,,,,,,,,,,,,,,,,,,,
https://www.dailymail.co.uk/news/article-13764633/Freddie-Flintoff-fast-Ramadan-heartwarming-gesture-Muslim-refugee-BBC-Field-Dreams.html,11,dailymail_573.jpg,dailymail_574.jpg,dailymail_575.jpg,dailymail_576.jpg,dailymail_577.jpg,dailymail_578.jpg,dailymail_579.jpg,dailymail_580.jpg,dailymail_581.jpg,dailymail_582.jpg,dailymail_583.jpg,,,,,,,,,,,,,,,,,,,,,,,,,,,,,,,,,,,,,,,,,,,
https://www.dailymail.co.uk/news/article-6085035/Australias-Muslim-senator-Mehreen-Faruqi-says-people-affronted-shes-parliament.html,3,dailymail_584.jpg,dailymail_585.jpg,dailymail_586.jpg,,,,,,,,,,,,,,,,,,,,,,,,,,,,,,,,,,,,,,,,,,,,,,,,,,,
https://www.dailymail.co.uk/news/article-13492903/moment-dozens-of-migrants-leap-off-high-powered-motorboat-in-front-of-stunned-tourists-after-landing-on-spanish-beach.html,8,dailymail_587.jpg,dailymail_588.jpg,dailymail_589.jpg,dailymail_590.jpg,dailymail_591.jpg,dailymail_592.jpg,dailymail_593.jpg,dailymail_594.jpg,,,,,,,,,,,,,,,,,,,,,,,,,,,,,,,,,,,,,,,,,,,,,,
https://www.dailymail.co.uk/news/article-13082075/UN-humanitarian-chief-warns-million-Palestinians-staring-death-face-Gaza-Israel-prepares-ground-assault-Hamas-militants-Rafah-despite-international-pressure-push-ceasefire.html,18,dailymail_595.jpg,dailymail_596.jpg,dailymail_597.jpg,dailymail_598.jpg,dailymail_599.jpg,dailymail_600.jpg,dailymail_601.jpg,dailymail_602.jpg,dailymail_603.jpg,dailymail_604.jpg,dailymail_605.jpg,dailymail_606.jpg,dailymail_607.jpg,dailymail_608.jpg,dailymail_609.jpg,dailymail_610.jpg,dailymail_611.jpg,dailymail_612.jpg,,,,,,,,,,,,,,,,,,,,,,,,,,,,,,,,,,,,
https://www.dailymail.co.uk/news/article-3443821/Amal-Clooney-meets-Angela-Merkel-discuss-migrant-crisis.html,9,dailymail_613.jpg,dailymail_614.jpg,dailymail_615.jpg,dailymail_616.jpg,dailymail_617.jpg,dailymail_618.jpg,dailymail_619.jpg,dailymail_620.jpg,dailymail_621.jpg,,,,,,,,,,,,,,,,,,,,,,,,,,,,,,,,,,,,,,,,,,,,,
https://www.dailymail.co.uk/news/article-13360105/Foreign-nationals-exploiting-hidden-asylum-loophole-stay-UK.html,4,dailymail_622.jpg,dailymail_623.jpg,dailymail_624.jpg,dailymail_625.jpg,,,,,,,,,,,,,,,,,,,,,,,,,,,,,,,,,,,,,,,,,,,,,,,,,,
https://www.dailymail.co.uk/news/article-12155625/Pimlico-hotel-caves-asylum-seekers-ends-unsafe-four-room-policy.html,1,dailymail_626.jpg,,,,,,,,,,,,,,,,,,,,,,,,,,,,,,,,,,,,,,,,,,,,,,,,,,,,,
https://www.dailymail.co.uk/news/article-3390337/Nice-breasts-want-sex-Arabic-phrasebook-asylum-seeker-sex-attack-suspect-Cologne-virtual-lockdown-women-frightened-alone.html,13,dailymail_627.jpg,dailymail_628.jpg,dailymail_629.jpg,dailymail_630.jpg,dailymail_631.jpg,dailymail_632.jpg,dailymail_633.jpg,dailymail_634.jpg,dailymail_635.jpg,dailymail_636.jpg,dailymail_637.jpg,dailymail_638.jpg,dailymail_639.jpg,,,,,,,,,,,,,,,,,,,,,,,,,,,,,,,,,,,,,,,,,
https://www.dailymail.co.uk/news/article-14193157/five-people-killed.html,4,dailymail_640.jpg,dailymail_641.jpg,dailymail_642.jpg,dailymail_643.jpg,,,,,,,,,,,,,,,,,,,,,,,,,,,,,,,,,,,,,,,,,,,,,,,,,,
https://www.dailymail.co.uk/news/article-13927419/french-navy-escorts-migrants-channel-asking-uk-border-force.html,19,dailymail_644.jpg,dailymail_645.jpg,dailymail_646.jpg,dailymail_647.jpg,dailymail_648.jpg,dailymail_649.jpg,dailymail_650.jpg,dailymail_651.jpg,dailymail_652.jpg,dailymail_653.jpg,dailymail_654.jpg,dailymail_655.jpg,dailymail_656.jpg,dailymail_657.jpg,dailymail_658.jpg,dailymail_659.jpg,dailymail_660.jpg,dailymail_661.jpg,dailymail_662.jpg,,,,,,,,,,,,,,,,,,,,,,,,,,,,,,,,,,,
https://www.dailymail.co.uk/news/article-12660279/Government-stop-using-100-migrant-hotels-key-battleground-seats-bid-Sunak-improve-Tory-election-hopes.html,5,dailymail_663.jpg,dailymail_664.jpg,dailymail_665.jpg,dailymail_666.jpg,dailymail_667.jpg,,,,,,,,,,,,,,,,,,,,,,,,,,,,,,,,,,,,,,,,,,,,,,,,,
https://www.dailymail.co.uk/news/article-10204525/Space-debris-event-forces-ISS-crew-evasive-action.html,22,dailymail_668.jpg,dailymail_669.jpg,dailymail_670.jpg,dailymail_671.jpg,dailymail_672.jpg,dailymail_673.jpg,dailymail_674.jpg,dailymail_675.jpg,dailymail_676.jpg,dailymail_677.jpg,dailymail_678.jpg,dailymail_679.jpg,dailymail_680.jpg,dailymail_681.jpg,dailymail_682.jpg,dailymail_683.jpg,dailymail_684.jpg,dailymail_685.jpg,dailymail_686.jpg,dailymail_687.jpg,dailymail_688.jpg,dailymail_689.jpg,,,,,,,,,,,,,,,,,,,,,,,,,,,,,,,,
https://www.dailymail.co.uk/news/article-12009097/Indian-migrants-making-perilous-Channel-crossing-evade-work-visa-restrictions.html,2,dailymail_690.jpg,dailymail_691.jpg,,,,,,,,,,,,,,,,,,,,,,,,,,,,,,,,,,,,,,,,,,,,,,,,,,,,
https://www.dailymail.co.uk/news/article-10635063/Ministers-plush-country-homes-like-Chequers-used-house-Ukrainian-refugees.html,3,dailymail_692.jpg,dailymail_693.jpg,dailymail_694.jpg,,,,,,,,,,,,,,,,,,,,,,,,,,,,,,,,,,,,,,,,,,,,,,,,,,,
https://www.dailymail.co.uk/news/article-2911762/Number-immigrants-coming-Britain-rises-three-fold-30-years-coming-search-work.html,5,dailymail_695.jpg,dailymail_696.jpg,dailymail_697.jpg,dailymail_698.jpg,dailymail_699.jpg,,,,,,,,,,,,,,,,,,,,,,,,,,,,,,,,,,,,,,,,,,,,,,,,,
https://www.dailymail.co.uk/news/article-14649391/Starmer-rent-homes-migrants-Government-pleads-landlords-host-asylum-seekers-five-year-guaranteed-rent-deal-offered-small-boats-crossing-Channel-swamp-Britain.html,5,dailymail_700.jpg,dailymail_701.jpg,dailymail_702.jpg,dailymail_703.jpg,dailymail_704.jpg,,,,,,,,,,,,,,,,,,,,,,,,,,,,,,,,,,,,,,,,,,,,,,,,,
https://www.dailymail.co.uk/news/article-11014097/Father-left-mother-kids-Ukrainian-refugee-releases-RAP-dissing-ex.html,7,dailymail_705.jpg,dailymail_706.jpg,dailymail_707.jpg,dailymail_708.jpg,dailymail_709.jpg,dailymail_710.jpg,dailymail_711.jpg,,,,,,,,,,,,,,,,,,,,,,,,,,,,,,,,,,,,,,,,,,,,,,,
https://www.dailymail.co.uk/news/article-9058121/Image-refugee-Behrouz-Boochani-spent-six-years-Manus-Island-won-Archibald-fan-vote.html,3,dailymail_712.jpg,dailymail_713.jpg,dailymail_714.jpg,,,,,,,,,,,,,,,,,,,,,,,,,,,,,,,,,,,,,,,,,,,,,,,,,,,
https://www.dailymail.co.uk/news/article-11421693/Bidens-border-chief-Chris-Magnus-RESIGNS-historic-surge-migrant-crossings.html,8,dailymail_715.jpg,dailymail_716.jpg,dailymail_717.jpg,dailymail_718.jpg,dailymail_719.jpg,dailymail_720.jpg,dailymail_721.jpg,dailymail_722.jpg,,,,,,,,,,,,,,,,,,,,,,,,,,,,,,,,,,,,,,,,,,,,,,
https://www.dailymail.co.uk/news/article-14965707/Keir-Starmer-aide-smuggling-gangs-asylum-seekers.html,4,dailymail_723.jpg,dailymail_724.jpg,dailymail_725.jpg,dailymail_726.jpg,,,,,,,,,,,,,,,,,,,,,,,,,,,,,,,,,,,,,,,,,,,,,,,,,,
https://www.dailymail.co.uk/news/article-3682045/Former-ISIS-Yazidi-sex-slave-suffered-horrific-three-month-abuse-hands-extremists-calls-UK-government-refugees.html,6,dailymail_727.jpg,dailymail_728.jpg,dailymail_729.jpg,dailymail_730.jpg,dailymail_731.jpg,dailymail_732.jpg,,,,,,,,,,,,,,,,,,,,,,,,,,,,,,,,,,,,,,,,,,,,,,,,
https://www.dailymail.co.uk/news/article-12064783/Paranoid-schizophrenic-Albanian-slashed-girls-throat-allowed-stay-UK-inquest-hears.html,4,dailymail_733.jpg,dailymail_734.jpg,dailymail_735.jpg,dailymail_736.jpg,,,,,,,,,,,,,,,,,,,,,,,,,,,,,,,,,,,,,,,,,,,,,,,,,,
https://www.dailymail.co.uk/news/article-12408909/Two-Danny-Meyer-restaurants-set-close-historic-Manhattan-skyscraper-turned-migrant-shelter-NYC-mobbed-57-000-asylum-seekers.html,22,dailymail_737.jpg,dailymail_738.jpg,dailymail_739.jpg,dailymail_740.jpg,dailymail_741.jpg,dailymail_742.jpg,dailymail_743.jpg,dailymail_744.jpg,dailymail_745.jpg,dailymail_746.jpg,dailymail_747.jpg,dailymail_748.jpg,dailymail_749.jpg,dailymail_750.jpg,dailymail_751.jpg,dailymail_752.jpg,dailymail_753.jpg,dailymail_754.jpg,dailymail_755.jpg,dailymail_756.jpg,dailymail_757.jpg,dailymail_758.jpg,,,,,,,,,,,,,,,,,,,,,,,,,,,,,,,,
https://www.dailymail.co.uk/news/article-4392798/Manus-Island-close-end-year.html,5,dailymail_759.jpg,dailymail_760.jpg,dailymail_761.jpg,dailymail_762.jpg,dailymail_763.jpg,,,,,,,,,,,,,,,,,,,,,,,,,,,,,,,,,,,,,,,,,,,,,,,,,
https://www.dailymail.co.uk/news/article-14941779/How-three-star-migrant-hotel-Barbican-living-nightmare-locals.html,11,dailymail_764.jpg,dailymail_765.jpg,dailymail_766.jpg,dailymail_767.jpg,dailymail_768.jpg,dailymail_769.jpg,dailymail_770.jpg,dailymail_771.jpg,dailymail_772.jpg,dailymail_773.jpg,dailymail_774.jpg,,,,,,,,,,,,,,,,,,,,,,,,,,,,,,,,,,,,,,,,,,,
https://www.dailymail.co.uk/news/article-13543833/dozens-illegal-migrants-cross-channel-border-force.html,5,dailymail_775.jpg,dailymail_776.jpg,dailymail_777.jpg,dailymail_778.jpg,dailymail_779.jpg,,,,,,,,,,,,,,,,,,,,,,,,,,,,,,,,,,,,,,,,,,,,,,,,,
https://www.dailymail.co.uk/news/article-3162490/Pictured-moment-Walking-Dead-star-David-Morrissey-helped-rescue-terrified-refugees-flimsy-dinghy-actor-demands-Europe-open-eyes-crisis-1-000-arriving-Greece-day.html,20,dailymail_780.jpg,dailymail_781.jpg,dailymail_782.jpg,dailymail_783.jpg,dailymail_784.jpg,dailymail_785.jpg,dailymail_786.jpg,dailymail_787.jpg,dailymail_788.jpg,dailymail_789.jpg,dailymail_790.jpg,dailymail_791.jpg,dailymail_792.jpg,dailymail_793.jpg,dailymail_794.jpg,dailymail_795.jpg,dailymail_796.jpg,dailymail_797.jpg,dailymail_798.jpg,dailymail_799.jpg,,,,,,,,,,,,,,,,,,,,,,,,,,,,,,,,,,
https://www.dailymail.co.uk/news/article-4124552/More-half-Australia-s-12-000-Syrian-Iraqi-refugees-settled-one-area-Sydney.html,10,dailymail_800.jpg,dailymail_801.jpg,dailymail_802.jpg,dailymail_803.jpg,dailymail_804.jpg,dailymail_805.jpg,dailymail_806.jpg,dailymail_807.jpg,dailymail_808.jpg,dailymail_809.jpg,,,,,,,,,,,,,,,,,,,,,,,,,,,,,,,,,,,,,,,,,,,,
https://www.dailymail.co.uk/news/article-11152057/Another-40-migrants-including-women-children-brought-ashore-Dungeness.html,18,dailymail_810.jpg,dailymail_811.jpg,dailymail_812.jpg,dailymail_813.jpg,dailymail_814.jpg,dailymail_815.jpg,dailymail_816.jpg,dailymail_817.jpg,dailymail_818.jpg,dailymail_819.jpg,dailymail_820.jpg,dailymail_821.jpg,dailymail_822.jpg,dailymail_823.jpg,dailymail_824.jpg,dailymail_825.jpg,dailymail_826.jpg,dailymail_827.jpg,,,,,,,,,,,,,,,,,,,,,,,,,,,,,,,,,,,,
https://www.dailymail.co.uk/news/article-10566685/Across-Ukraine-babies-born-desperate-refugee-mothers-sheltering-bombs.html,3,dailymail_828.jpg,dailymail_829.jpg,dailymail_830.jpg,,,,,,,,,,,,,,,,,,,,,,,,,,,,,,,,,,,,,,,,,,,,,,,,,,,
https://www.dailymail.co.uk/news/article-14984735/Schoolchildren-young-five-asked-write-Valentines-Day-cards-asylum-seekers.html,2,dailymail_831.jpg,dailymail_832.jpg,,,,,,,,,,,,,,,,,,,,,,,,,,,,,,,,,,,,,,,,,,,,,,,,,,,,
https://www.dailymail.co.uk/news/article-12252423/Will-woke-obsession-diversity-sink-RNLI-SUE-REID-investigates-lifeboat-charitY.html,4,dailymail_833.jpg,dailymail_834.jpg,dailymail_835.jpg,dailymail_836.jpg,,,,,,,,,,,,,,,,,,,,,,,,,,,,,,,,,,,,,,,,,,,,,,,,,,
https://www.dailymail.co.uk/news/article-7564363/Amal-Clooney-tells-60-Minutes-ISIS-trial-genocide-interview-Nadia-Murad.html,5,dailymail_837.jpg,dailymail_838.jpg,dailymail_839.jpg,dailymail_840.jpg,dailymail_841.jpg,,,,,,,,,,,,,,,,,,,,,,,,,,,,,,,,,,,,,,,,,,,,,,,,,
https://www.dailymail.co.uk/news/article-3528381/Arabic-overtakes-Finnish-second-common-language-Sweden-migrant-influx.html,2,dailymail_842.jpg,dailymail_843.jpg,,,,,,,,,,,,,,,,,,,,,,,,,,,,,,,,,,,,,,,,,,,,,,,,,,,,
https://www.dailymail.co.uk/news/article-14728405/Maine-illegal-immigrants-US-border-patrol-24-year-spike.html,7,dailymail_844.jpg,dailymail_845.jpg,dailymail_846.jpg,dailymail_847.jpg,dailymail_848.jpg,dailymail_849.jpg,dailymail_850.jpg,,,,,,,,,,,,,,,,,,,,,,,,,,,,,,,,,,,,,,,,,,,,,,,
https://www.dailymail.co.uk/news/article-3285054/Desperate-Slovenia-brings-tanks-deal-migrant-arrivals-12-000-enter-country-24-hours.html,14,dailymail_851.jpg,dailymail_852.jpg,dailymail_853.jpg,dailymail_854.jpg,dailymail_855.jpg,dailymail_856.jpg,dailymail_857.jpg,dailymail_858.jpg,dailymail_859.jpg,dailymail_860.jpg,dailymail_861.jpg,dailymail_862.jpg,dailymail_863.jpg,dailymail_864.jpg,,,,,,,,,,,,,,,,,,,,,,,,,,,,,,,,,,,,,,,,
https://www.dailymail.co.uk/news/article-6855433/Survivors-reveal-horrors-faced-refugees-Libya-including-forced-incest-women-raped-death.html,9,dailymail_865.jpg,dailymail_866.jpg,dailymail_867.jpg,dailymail_868.jpg,dailymail_869.jpg,dailymail_870.jpg,dailymail_871.jpg,dailymail_872.jpg,dailymail_873.jpg,,,,,,,,,,,,,,,,,,,,,,,,,,,,,,,,,,,,,,,,,,,,,
https://www.dailymail.co.uk/news/article-14476063/Two-teenage-boys-arrested-connection-death-15-year-old-Glasgow.html,5,dailymail_874.jpg,dailymail_875.jpg,dailymail_876.jpg,dailymail_877.jpg,dailymail_878.jpg,,,,,,,,,,,,,,,,,,,,,,,,,,,,,,,,,,,,,,,,,,,,,,,,,
https://www.dailymail.co.uk/news/article-12816223/Germany-problem-Mass-market-tabloid-welcomed-Angela-Merkels-decision-let-million-migrants-sounds-startling-warning.html,20,dailymail_879.jpg,dailymail_880.jpg,dailymail_881.jpg,dailymail_882.jpg,dailymail_883.jpg,dailymail_884.jpg,dailymail_885.jpg,dailymail_886.jpg,dailymail_887.jpg,dailymail_888.jpg,dailymail_889.jpg,dailymail_890.jpg,dailymail_891.jpg,dailymail_892.jpg,dailymail_893.jpg,dailymail_894.jpg,dailymail_895.jpg,dailymail_896.jpg,dailymail_897.jpg,dailymail_898.jpg,,,,,,,,,,,,,,,,,,,,,,,,,,,,,,,,,,
https://www.dailymail.co.uk/news/article-7360673/Trump-demands-Ilhan-Omar-Rashida-Tlaib-banned-entering-Israel.html,22,dailymail_899.jpg,dailymail_900.jpg,dailymail_901.jpg,dailymail_902.jpg,dailymail_903.jpg,dailymail_904.jpg,dailymail_905.jpg,dailymail_906.jpg,dailymail_907.jpg,dailymail_908.jpg,dailymail_909.jpg,dailymail_910.jpg,dailymail_911.jpg,dailymail_912.jpg,dailymail_913.jpg,dailymail_914.jpg,dailymail_915.jpg,dailymail_916.jpg,dailymail_917.jpg,dailymail_918.jpg,dailymail_919.jpg,dailymail_920.jpg,,,,,,,,,,,,,,,,,,,,,,,,,,,,,,,,
https://www.dailymail.co.uk/news/article-3316831/Angry-villagers-campaign-evict-70-asylum-seekers-hotel-ve-staying-July-cost-750-000-taxpayer.html,8,dailymail_921.jpg,dailymail_922.jpg,dailymail_923.jpg,dailymail_924.jpg,dailymail_925.jpg,dailymail_926.jpg,dailymail_927.jpg,dailymail_928.jpg,,,,,,,,,,,,,,,,,,,,,,,,,,,,,,,,,,,,,,,,,,,,,,
https://www.dailymail.co.uk/news/article-8137305/Hunt-Came-reality-TV-star-Raquel-Moore.html,3,dailymail_929.jpg,dailymail_930.jpg,dailymail_931.jpg,,,,,,,,,,,,,,,,,,,,,,,,,,,,,,,,,,,,,,,,,,,,,,,,,,,
https://www.dailymail.co.uk/news/article-9883367/Taliban-going-door-door-forcibly-marrying-girls-young-TWELVE.html,29,dailymail_932.jpg,dailymail_933.jpg,dailymail_934.jpg,dailymail_935.jpg,dailymail_936.jpg,dailymail_937.jpg,dailymail_938.jpg,dailymail_939.jpg,dailymail_940.jpg,dailymail_941.jpg,dailymail_942.jpg,dailymail_943.jpg,dailymail_944.jpg,dailymail_945.jpg,dailymail_946.jpg,dailymail_947.jpg,dailymail_948.jpg,dailymail_949.jpg,dailymail_950.jpg,dailymail_951.jpg,dailymail_952.jpg,dailymail_953.jpg,dailymail_954.jpg,dailymail_955.jpg,dailymail_956.jpg,dailymail_957.jpg,dailymail_958.jpg,dailymail_959.jpg,dailymail_960.jpg,,,,,,,,,,,,,,,,,,,,,,,,,
https://www.dailymail.co.uk/news/article-6983049/Shocking-video-shows-migrants-use-rope-ladder-scale-U-S-Mexico-border.html,9,dailymail_961.jpg,dailymail_962.jpg,dailymail_963.jpg,dailymail_964.jpg,dailymail_965.jpg,dailymail_966.jpg,dailymail_967.jpg,dailymail_968.jpg,dailymail_969.jpg,,,,,,,,,,,,,,,,,,,,,,,,,,,,,,,,,,,,,,,,,,,,,
https://www.dailymail.co.uk/news/article-12775915/outraged-army-soldiers-moved-shipping-containers.html,9,dailymail_970.jpg,dailymail_971.jpg,dailymail_972.jpg,dailymail_973.jpg,dailymail_974.jpg,dailymail_975.jpg,dailymail_976.jpg,dailymail_977.jpg,dailymail_978.jpg,,,,,,,,,,,,,,,,,,,,,,,,,,,,,,,,,,,,,,,,,,,,,
https://www.dailymail.co.uk/news/article-12135845/Stepfather-Royal-Marine-murdered-fugitive-asylum-seeker-blames-Home-Office-death.html,7,dailymail_979.jpg,dailymail_980.jpg,dailymail_981.jpg,dailymail_982.jpg,dailymail_983.jpg,dailymail_984.jpg,dailymail_985.jpg,,,,,,,,,,,,,,,,,,,,,,,,,,,,,,,,,,,,,,,,,,,,,,,
https://www.dailymail.co.uk/news/article-14474327/Palestinian-migrant-war-ravaged-Gaza-shares-videos-perilous-journey-English-Channel-packed-dinghy.html,4,dailymail_986.jpg,dailymail_987.jpg,dailymail_988.jpg,dailymail_989.jpg,,,,,,,,,,,,,,,,,,,,,,,,,,,,,,,,,,,,,,,,,,,,,,,,,,
https://www.dailymail.co.uk/news/article-14901347/Starmer-accuses-Farage-WANTING-migrant-merry-round-Channel-boats-deal-fail.html,3,dailymail_990.jpg,dailymail_991.jpg,dailymail_992.jpg,,,,,,,,,,,,,,,,,,,,,,,,,,,,,,,,,,,,,,,,,,,,,,,,,,,
https://www.dailymail.co.uk/news/article-6462969/Haunting-color-pictures-bring-life-California-Gold-Rush-migrants-search-fortunes.html,15,dailymail_993.jpg,dailymail_994.jpg,dailymail_995.jpg,dailymail_996.jpg,dailymail_997.jpg,dailymail_998.jpg,dailymail_999.jpg,dailymail_1000.jpg,dailymail_1001.jpg,dailymail_1002.jpg,dailymail_1003.jpg,dailymail_1004.jpg,dailymail_1005.jpg,dailymail_1006.jpg,dailymail_1007.jpg,,,,,,,,,,,,,,,,,,,,,,,,,,,,,,,,,,,,,,,
https://www.dailymail.co.uk/news/article-11949593/Government-forced-pause-plans-convert-RAF-Wethersfield-house-asylum-seekers.html,5,dailymail_1008.jpg,dailymail_1009.jpg,dailymail_1010.jpg,dailymail_1011.jpg,dailymail_1012.jpg,,,,,,,,,,,,,,,,,,,,,,,,,,,,,,,,,,,,,,,,,,,,,,,,,
https://www.dailymail.co.uk/news/article-10199165/Outgoing-UK-Border-Force-boss-triggers-political-row-saying-borders-just-pain-a.html,3,dailymail_1013.jpg,dailymail_1014.jpg,dailymail_1015.jpg,,,,,,,,,,,,,,,,,,,,,,,,,,,,,,,,,,,,,,,,,,,,,,,,,,,
https://www.dailymail.co.uk/news/article-14444459/Why-white-South-Africans-fleeing-surging-violence-racist-laws-new-lives-America-reveals-SUE-REID.html,3,dailymail_1016.jpg,dailymail_1017.jpg,dailymail_1018.jpg,,,,,,,,,,,,,,,,,,,,,,,,,,,,,,,,,,,,,,,,,,,,,,,,,,,
https://www.dailymail.co.uk/news/article-6751549/Lifeboat-crew-leaves-Dover-rescue-boat-migrants.html,10,dailymail_1019.jpg,dailymail_1020.jpg,dailymail_1021.jpg,dailymail_1022.jpg,dailymail_1023.jpg,dailymail_1024.jpg,dailymail_1025.jpg,dailymail_1026.jpg,dailymail_1027.jpg,dailymail_1028.jpg,,,,,,,,,,,,,,,,,,,,,,,,,,,,,,,,,,,,,,,,,,,,
https://www.dailymail.co.uk/news/article-8069239/Austria-says-Turkey-attacking-EU-Greece-opening-borders.html,29,dailymail_1029.jpg,dailymail_1030.jpg,dailymail_1031.jpg,dailymail_1032.jpg,dailymail_1033.jpg,dailymail_1034.jpg,dailymail_1035.jpg,dailymail_1036.jpg,dailymail_1037.jpg,dailymail_1038.jpg,dailymail_1039.jpg,dailymail_1040.jpg,dailymail_1041.jpg,dailymail_1042.jpg,dailymail_1043.jpg,dailymail_1044.jpg,dailymail_1045.jpg,dailymail_1046.jpg,dailymail_1047.jpg,dailymail_1048.jpg,dailymail_1049.jpg,dailymail_1050.jpg,dailymail_1051.jpg,dailymail_1052.jpg,dailymail_1053.jpg,dailymail_1054.jpg,dailymail_1055.jpg,dailymail_1056.jpg,dailymail_1057.jpg,,,,,,,,,,,,,,,,,,,,,,,,,
https://www.dailymail.co.uk/news/article-14978803/Spanish-town-bans-Muslim-religious-festivals-deemed-alien-identity.html,9,dailymail_1058.jpg,dailymail_1059.jpg,dailymail_1060.jpg,dailymail_1061.jpg,dailymail_1062.jpg,dailymail_1063.jpg,dailymail_1064.jpg,dailymail_1065.jpg,dailymail_1066.jpg,,,,,,,,,,,,,,,,,,,,,,,,,,,,,,,,,,,,,,,,,,,,,
https://www.dailymail.co.uk/news/bbc/index.html?page=3,0,,,,,,,,,,,,,,,,,,,,,,,,,,,,,,,,,,,,,,,,,,,,,,,,,,,,,,
https://www.dailymail.co.uk/news/article-13374673/rwanda-deportation-immigration-centres-home-office.html,35,dailymail_1067.jpg,dailymail_1068.jpg,dailymail_1069.jpg,dailymail_1070.jpg,dailymail_1071.jpg,dailymail_1072.jpg,dailymail_1073.jpg,dailymail_1074.jpg,dailymail_1075.jpg,dailymail_1076.jpg,dailymail_1077.jpg,dailymail_1078.jpg,dailymail_1079.jpg,dailymail_1080.jpg,dailymail_1081.jpg,dailymail_1082.jpg,dailymail_1083.jpg,dailymail_1084.jpg,dailymail_1085.jpg,dailymail_1086.jpg,dailymail_1087.jpg,dailymail_1088.jpg,dailymail_1089.jpg,dailymail_1090.jpg,dailymail_1091.jpg,dailymail_1092.jpg,dailymail_1093.jpg,dailymail_1094.jpg,dailymail_1095.jpg,dailymail_1096.jpg,dailymail_1097.jpg,dailymail_1098.jpg,dailymail_1099.jpg,dailymail_1100.jpg,dailymail_1101.jpg,,,,,,,,,,,,,,,,,,,
https://www.dailymail.co.uk/news/article-3893244/Asylum-chief-fired-Denmark-lurid-details-emerge-female-workers-having-sex-children-migrant-centres.html,9,dailymail_1102.jpg,dailymail_1103.jpg,dailymail_1104.jpg,dailymail_1105.jpg,dailymail_1106.jpg,dailymail_1107.jpg,dailymail_1108.jpg,dailymail_1109.jpg,dailymail_1110.jpg,,,,,,,,,,,,,,,,,,,,,,,,,,,,,,,,,,,,,,,,,,,,,
https://www.dailymail.co.uk/news/article-14168223/Inside-luxury-hotel-housing-migrants-THREE-YEARS-beautiful-16th-century-manor-four-poster-beds-lake-views-used-asylum-seekers.html,19,dailymail_1111.jpg,dailymail_1112.jpg,dailymail_1113.jpg,dailymail_1114.jpg,dailymail_1115.jpg,dailymail_1116.jpg,dailymail_1117.jpg,dailymail_1118.jpg,dailymail_1119.jpg,dailymail_1120.jpg,dailymail_1121.jpg,dailymail_1122.jpg,dailymail_1123.jpg,dailymail_1124.jpg,dailymail_1125.jpg,dailymail_1126.jpg,dailymail_1127.jpg,dailymail_1128.jpg,dailymail_1129.jpg,,,,,,,,,,,,,,,,,,,,,,,,,,,,,,,,,,,
https://www.dailymail.co.uk/news/article-12699675/US-border-China-migrants-caravan.html,8,dailymail_1130.jpg,dailymail_1131.jpg,dailymail_1132.jpg,dailymail_1133.jpg,dailymail_1134.jpg,dailymail_1135.jpg,dailymail_1136.jpg,dailymail_1137.jpg,,,,,,,,,,,,,,,,,,,,,,,,,,,,,,,,,,,,,,,,,,,,,,
https://www.dailymail.co.uk/news/article-12408909/Two-Danny-Meyer-restaurants-set-close-historic-Manhattan-skyscraper-turned-migrant-shelter-NYC-mobbed-57-000-asylum-seekers.html,22,dailymail_1138.jpg,dailymail_1139.jpg,dailymail_1140.jpg,dailymail_1141.jpg,dailymail_1142.jpg,dailymail_1143.jpg,dailymail_1144.jpg,dailymail_1145.jpg,dailymail_1146.jpg,dailymail_1147.jpg,dailymail_1148.jpg,dailymail_1149.jpg,dailymail_1150.jpg,dailymail_1151.jpg,dailymail_1152.jpg,dailymail_1153.jpg,dailymail_1154.jpg,dailymail_1155.jpg,dailymail_1156.jpg,dailymail_1157.jpg,dailymail_1158.jpg,dailymail_1159.jpg,,,,,,,,,,,,,,,,,,,,,,,,,,,,,,,,
https://www.dailymail.co.uk/news/article-9911487/Belarus-FORCES-stream-Afghan-migrants-EU.html,16,dailymail_1160.jpg,dailymail_1161.jpg,dailymail_1162.jpg,dailymail_1163.jpg,dailymail_1164.jpg,dailymail_1165.jpg,dailymail_1166.jpg,dailymail_1167.jpg,dailymail_1168.jpg,dailymail_1169.jpg,dailymail_1170.jpg,dailymail_1171.jpg,dailymail_1172.jpg,dailymail_1173.jpg,dailymail_1174.jpg,dailymail_1175.jpg,,,,,,,,,,,,,,,,,,,,,,,,,,,,,,,,,,,,,,
https://www.dailymail.co.uk/news/article-8126593/Turkey-shuts-Greece-Bulgaria-land-borders-passengers-TRT-Haber.html,4,dailymail_1176.jpg,dailymail_1177.jpg,dailymail_1178.jpg,dailymail_1179.jpg,,,,,,,,,,,,,,,,,,,,,,,,,,,,,,,,,,,,,,,,,,,,,,,,,,
https://www.dailymail.co.uk/news/article-3274400/Heart-breaking-moment-child-s-lifeless-body-pulled-sea-Greek-coastguard-ship-accidentally-crashes-migrant-vessel-supposed-rescuing-killing-eight-people.html,18,dailymail_1180.jpg,dailymail_1181.jpg,dailymail_1182.jpg,dailymail_1183.jpg,dailymail_1184.jpg,dailymail_1185.jpg,dailymail_1186.jpg,dailymail_1187.jpg,dailymail_1188.jpg,dailymail_1189.jpg,dailymail_1190.jpg,dailymail_1191.jpg,dailymail_1192.jpg,dailymail_1193.jpg,dailymail_1194.jpg,dailymail_1195.jpg,dailymail_1196.jpg,dailymail_1197.jpg,,,,,,,,,,,,,,,,,,,,,,,,,,,,,,,,,,,,
https://www.dailymail.co.uk/news/article-12727823/Refugee-raped-boy-Australia-High-Court-ruling.html,3,dailymail_1198.jpg,dailymail_1199.jpg,dailymail_1200.jpg,,,,,,,,,,,,,,,,,,,,,,,,,,,,,,,,,,,,,,,,,,,,,,,,,,,
https://www.dailymail.co.uk/news/article-9517397/Far-right-Britain-activists-duped-protesting-outside-hotels-no-asylum-seekers.html,4,dailymail_1201.jpg,dailymail_1202.jpg,dailymail_1203.jpg,dailymail_1204.jpg,,,,,,,,,,,,,,,,,,,,,,,,,,,,,,,,,,,,,,,,,,,,,,,,,,
https://www.dailymail.co.uk/news/article-6920351/Trump-says-absolute-legal-right-apprehend-illegal-immigrants-sanctuary-cities.html,15,dailymail_1205.jpg,dailymail_1206.jpg,dailymail_1207.jpg,dailymail_1208.jpg,dailymail_1209.jpg,dailymail_1210.jpg,dailymail_1211.jpg,dailymail_1212.jpg,dailymail_1213.jpg,dailymail_1214.jpg,dailymail_1215.jpg,dailymail_1216.jpg,dailymail_1217.jpg,dailymail_1218.jpg,dailymail_1219.jpg,,,,,,,,,,,,,,,,,,,,,,,,,,,,,,,,,,,,,,,
https://www.dailymail.co.uk/news/article-14921583/Grinning-small-boat-migrant-chronicles-journey-Channel-UK-films-celebrating-Blackpool-beach-illegally-crossing-Britain.html,6,dailymail_1220.jpg,dailymail_1221.jpg,dailymail_1222.jpg,dailymail_1223.jpg,dailymail_1224.jpg,dailymail_1225.jpg,,,,,,,,,,,,,,,,,,,,,,,,,,,,,,,,,,,,,,,,,,,,,,,,
https://www.dailymail.co.uk/news/article-3390168/Migrant-rape-fears-spread-Europe-Women-told-not-night-assaults-carried-Sweden-Finland-Germany-Austria-Switzerland-amid-warnings-gangs-ordinating-attacks.html,30,dailymail_1226.jpg,dailymail_1227.jpg,dailymail_1228.jpg,dailymail_1229.jpg,dailymail_1230.jpg,dailymail_1231.jpg,dailymail_1232.jpg,dailymail_1233.jpg,dailymail_1234.jpg,dailymail_1235.jpg,dailymail_1236.jpg,dailymail_1237.jpg,dailymail_1238.jpg,dailymail_1239.jpg,dailymail_1240.jpg,dailymail_1241.jpg,dailymail_1242.jpg,dailymail_1243.jpg,dailymail_1244.jpg,dailymail_1245.jpg,dailymail_1246.jpg,dailymail_1247.jpg,dailymail_1248.jpg,dailymail_1249.jpg,dailymail_1250.jpg,dailymail_1251.jpg,dailymail_1252.jpg,dailymail_1253.jpg,dailymail_1254.jpg,dailymail_1255.jpg,,,,,,,,,,,,,,,,,,,,,,,,
https://www.dailymail.co.uk/news/article-13852641/Near-record-801-migrants-crossed-English-Channel-Saturday.html,8,dailymail_1256.jpg,dailymail_1257.jpg,dailymail_1258.jpg,dailymail_1259.jpg,dailymail_1260.jpg,dailymail_1261.jpg,dailymail_1262.jpg,dailymail_1263.jpg,,,,,,,,,,,,,,,,,,,,,,,,,,,,,,,,,,,,,,,,,,,,,,
https://www.dailymail.co.uk/news/article-11851659/Massive-horde-migrants-storm-El-Paso-border-checkpoint-brazen-attempt-enter-US.html,7,dailymail_1264.jpg,dailymail_1265.jpg,dailymail_1266.jpg,dailymail_1267.jpg,dailymail_1268.jpg,dailymail_1269.jpg,dailymail_1270.jpg,,,,,,,,,,,,,,,,,,,,,,,,,,,,,,,,,,,,,,,,,,,,,,,
https://www.dailymail.co.uk/news/article-15024661/German-cities-easing-migrant-crisis-asylum-cut-half-crackdown-chancellor-Friedrich-Merz.html,5,dailymail_1271.jpg,dailymail_1272.jpg,dailymail_1273.jpg,dailymail_1274.jpg,dailymail_1275.jpg,,,,,,,,,,,,,,,,,,,,,,,,,,,,,,,,,,,,,,,,,,,,,,,,,
https://www.dailymail.co.uk/news/article-13371789/migrants-evicted-Dublin-shanty-town-arrive-tent-encampment.html,27,dailymail_1276.jpg,dailymail_1277.jpg,dailymail_1278.jpg,dailymail_1279.jpg,dailymail_1280.jpg,dailymail_1281.jpg,dailymail_1282.jpg,dailymail_1283.jpg,dailymail_1284.jpg,dailymail_1285.jpg,dailymail_1286.jpg,dailymail_1287.jpg,dailymail_1288.jpg,dailymail_1289.jpg,dailymail_1290.jpg,dailymail_1291.jpg,dailymail_1292.jpg,dailymail_1293.jpg,dailymail_1294.jpg,dailymail_1295.jpg,dailymail_1296.jpg,dailymail_1297.jpg,dailymail_1298.jpg,dailymail_1299.jpg,dailymail_1300.jpg,dailymail_1301.jpg,dailymail_1302.jpg,,,,,,,,,,,,,,,,,,,,,,,,,,,
https://www.dailymail.co.uk/debate/article-15025873/migrants-detention-centres.html,3,dailymail_1303.jpg,dailymail_1304.jpg,dailymail_1305.jpg,,,,,,,,,,,,,,,,,,,,,,,,,,,,,,,,,,,,,,,,,,,,,,,,,,,
https://www.dailymail.co.uk/news/article-15022157/Child-genius-11-gets-marks-advanced-GCSE-maths-taking-exams-FIVE-years-early.html,40,dailymail_1306.jpg,dailymail_1307.jpg,dailymail_1308.jpg,dailymail_1309.jpg,dailymail_1310.jpg,dailymail_1311.jpg,dailymail_1312.jpg,dailymail_1313.jpg,dailymail_1314.jpg,dailymail_1315.jpg,dailymail_1316.jpg,dailymail_1317.jpg,dailymail_1318.jpg,dailymail_1319.jpg,dailymail_1320.jpg,dailymail_1321.jpg,dailymail_1322.jpg,dailymail_1323.jpg,dailymail_1324.jpg,dailymail_1325.jpg,dailymail_1326.jpg,dailymail_1327.jpg,dailymail_1328.jpg,dailymail_1329.jpg,dailymail_1330.jpg,dailymail_1331.jpg,dailymail_1332.jpg,dailymail_1333.jpg,dailymail_1334.jpg,dailymail_1335.jpg,dailymail_1336.jpg,dailymail_1337.jpg,dailymail_1338.jpg,dailymail_1339.jpg,dailymail_1340.jpg,dailymail_1341.jpg,dailymail_1342.jpg,dailymail_1343.jpg,dailymail_1344.jpg,dailymail_1345.jpg,,,,,,,,,,,,,,
https://www.dailymail.co.uk/news/article-7276931/ICE-arrested-35-people-2-000-targeted-Trumps-highly-publicized-raids.html,4,dailymail_1346.jpg,dailymail_1347.jpg,dailymail_1348.jpg,dailymail_1349.jpg,,,,,,,,,,,,,,,,,,,,,,,,,,,,,,,,,,,,,,,,,,,,,,,,,,
https://www.dailymail.co.uk/news/article-6346247/Pair-guilty-charge-death-Ellie-Minshull-Coyle.html,3,dailymail_1350.jpg,dailymail_1351.jpg,dailymail_1352.jpg,,,,,,,,,,,,,,,,,,,,,,,,,,,,,,,,,,,,,,,,,,,,,,,,,,,
https://www.dailymail.co.uk/news/article-13575175/horror-in-the-med-as-iraqi-girl-16-is-choked-to-death-while-being-raped-in-front-of-her-mother-on-sinking-migrant-boat-by-man-who-had-just-seen-his-wife-and-daughter-drown-in-disaster-that-saw-dozens-killed-off-italy.html,11,dailymail_1353.jpg,dailymail_1354.jpg,dailymail_1355.jpg,dailymail_1356.jpg,dailymail_1357.jpg,dailymail_1358.jpg,dailymail_1359.jpg,dailymail_1360.jpg,dailymail_1361.jpg,dailymail_1362.jpg,dailymail_1363.jpg,,,,,,,,,,,,,,,,,,,,,,,,,,,,,,,,,,,,,,,,,,,
https://www.dailymail.co.uk/news/article-9155479/Honduran-migrant-caravan-1-000-strong-demands-Biden-match-rhetoric-refugees.html,12,dailymail_1364.jpg,dailymail_1365.jpg,dailymail_1366.jpg,dailymail_1367.jpg,dailymail_1368.jpg,dailymail_1369.jpg,dailymail_1370.jpg,dailymail_1371.jpg,dailymail_1372.jpg,dailymail_1373.jpg,dailymail_1374.jpg,dailymail_1375.jpg,,,,,,,,,,,,,,,,,,,,,,,,,,,,,,,,,,,,,,,,,,
https://www.dailymail.co.uk/news/article-10950883/Murder-suspect-caught-trying-flee-Britain-France-7ft-dinghy.html,2,dailymail_1376.jpg,dailymail_1377.jpg,,,,,,,,,,,,,,,,,,,,,,,,,,,,,,,,,,,,,,,,,,,,,,,,,,,,
https://www.dailymail.co.uk/news/article-5875613/Rachel-Campos-Duffy-claims-black-friends-say-detention-centers-better-projects.html,13,dailymail_1378.jpg,dailymail_1379.jpg,dailymail_1380.jpg,dailymail_1381.jpg,dailymail_1382.jpg,dailymail_1383.jpg,dailymail_1384.jpg,dailymail_1385.jpg,dailymail_1386.jpg,dailymail_1387.jpg,dailymail_1388.jpg,dailymail_1389.jpg,dailymail_1390.jpg,,,,,,,,,,,,,,,,,,,,,,,,,,,,,,,,,,,,,,,,,
https://www.dailymail.co.uk/news/article-14385781/Filmed-deportation-flight-took-just-47-migrants-Albania-1million.html,8,dailymail_1391.jpg,dailymail_1392.jpg,dailymail_1393.jpg,dailymail_1394.jpg,dailymail_1395.jpg,dailymail_1396.jpg,dailymail_1397.jpg,dailymail_1398.jpg,,,,,,,,,,,,,,,,,,,,,,,,,,,,,,,,,,,,,,,,,,,,,,
https://www.dailymail.co.uk/debate/article-13476845/RICHARD-LITTLEJOHN-Diane-Abbott-Starmer-strong-ruthless-weak-opportunistic-vindictive.html,2,dailymail_1399.jpg,dailymail_1400.jpg,,,,,,,,,,,,,,,,,,,,,,,,,,,,,,,,,,,,,,,,,,,,,,,,,,,,
https://www.dailymail.co.uk/news/article-12864265/mum-heartbroken-schoolboy-football-stabbed.html,5,dailymail_1401.jpg,dailymail_1402.jpg,dailymail_1403.jpg,dailymail_1404.jpg,dailymail_1405.jpg,,,,,,,,,,,,,,,,,,,,,,,,,,,,,,,,,,,,,,,,,,,,,,,,,
https://www.dailymail.co.uk/news/article-10214819/Channel-migrants-landing-UK-flown-new-asylum-centre-ALBANIA.html,3,dailymail_1406.jpg,dailymail_1407.jpg,dailymail_1408.jpg,,,,,,,,,,,,,,,,,,,,,,,,,,,,,,,,,,,,,,,,,,,,,,,,,,,
https://www.dailymail.co.uk/news/article-6068351/Refugee-earned-rocket-science-degree-UCL-stood-Canary-Wharf-sign-asking-job.html,3,dailymail_1409.jpg,dailymail_1410.jpg,dailymail_1411.jpg,,,,,,,,,,,,,,,,,,,,,,,,,,,,,,,,,,,,,,,,,,,,,,,,,,,
https://www.dailymail.co.uk/news/article-3413728/Gang-migrants-arrested-sexually-assaulting-women-masturbating-historic-German-swimming-baths.html,6,dailymail_1412.jpg,dailymail_1413.jpg,dailymail_1414.jpg,dailymail_1415.jpg,dailymail_1416.jpg,dailymail_1417.jpg,,,,,,,,,,,,,,,,,,,,,,,,,,,,,,,,,,,,,,,,,,,,,,,,
https://www.dailymail.co.uk/news/article-10870481/Pictures-46-night-hotel-Rwanda-house-UKs-illegal-migrants.html,17,dailymail_1418.jpg,dailymail_1419.jpg,dailymail_1420.jpg,dailymail_1421.jpg,dailymail_1422.jpg,dailymail_1423.jpg,dailymail_1424.jpg,dailymail_1425.jpg,dailymail_1426.jpg,dailymail_1427.jpg,dailymail_1428.jpg,dailymail_1429.jpg,dailymail_1430.jpg,dailymail_1431.jpg,dailymail_1432.jpg,dailymail_1433.jpg,dailymail_1434.jpg,,,,,,,,,,,,,,,,,,,,,,,,,,,,,,,,,,,,,
https://www.dailymail.co.uk/news/article-12283037/Smiling-migrant-gives-surf-hand-symbol-coach-leaves-Manston-processing-centre.html,7,dailymail_1435.jpg,dailymail_1436.jpg,dailymail_1437.jpg,dailymail_1438.jpg,dailymail_1439.jpg,dailymail_1440.jpg,dailymail_1441.jpg,,,,,,,,,,,,,,,,,,,,,,,,,,,,,,,,,,,,,,,,,,,,,,,
https://www.dailymail.co.uk/news/article-5784779/Most-Britons-agree-immigration-harmed-communities.html,2,dailymail_1442.jpg,dailymail_1443.jpg,,,,,,,,,,,,,,,,,,,,,,,,,,,,,,,,,,,,,,,,,,,,,,,,,,,,
https://www.dailymail.co.uk/news/article-7268479/Trumps-send-home-rhetoric-just-lot-thinking.html,9,dailymail_1444.jpg,dailymail_1445.jpg,dailymail_1446.jpg,dailymail_1447.jpg,dailymail_1448.jpg,dailymail_1449.jpg,dailymail_1450.jpg,dailymail_1451.jpg,dailymail_1452.jpg,,,,,,,,,,,,,,,,,,,,,,,,,,,,,,,,,,,,,,,,,,,,,
https://www.dailymail.co.uk/debate/article-12297233/PROFESSOR-FRANK-FUREDI-contempt-unelected-buffoons-House-Lords.html,5,dailymail_1453.jpg,dailymail_1454.jpg,dailymail_1455.jpg,dailymail_1456.jpg,dailymail_1457.jpg,,,,,,,,,,,,,,,,,,,,,,,,,,,,,,,,,,,,,,,,,,,,,,,,,
https://www.dailymail.co.uk/news/article-4220004/Trump-s-approval-rating-hits-new-lows-40per-cent.html,4,dailymail_1458.jpg,dailymail_1459.jpg,dailymail_1460.jpg,dailymail_1461.jpg,,,,,,,,,,,,,,,,,,,,,,,,,,,,,,,,,,,,,,,,,,,,,,,,,,
https://www.dailymail.co.uk/news/article-3296558/Migrants-survive-Mediterranean-crossing-skin-teeth-small-boat-begins-capsize-just-yards-shore.html,22,dailymail_1462.jpg,dailymail_1463.jpg,dailymail_1464.jpg,dailymail_1465.jpg,dailymail_1466.jpg,dailymail_1467.jpg,dailymail_1468.jpg,dailymail_1469.jpg,dailymail_1470.jpg,dailymail_1471.jpg,dailymail_1472.jpg,dailymail_1473.jpg,dailymail_1474.jpg,dailymail_1475.jpg,dailymail_1476.jpg,dailymail_1477.jpg,dailymail_1478.jpg,dailymail_1479.jpg,dailymail_1480.jpg,dailymail_1481.jpg,dailymail_1482.jpg,dailymail_1483.jpg,,,,,,,,,,,,,,,,,,,,,,,,,,,,,,,,
https://www.dailymail.co.uk/news/article-4141318/Tunisian-toy-boy-married-Calais-Jungle-charity-chief.html,9,dailymail_1484.jpg,dailymail_1485.jpg,dailymail_1486.jpg,dailymail_1487.jpg,dailymail_1488.jpg,dailymail_1489.jpg,dailymail_1490.jpg,dailymail_1491.jpg,dailymail_1492.jpg,,,,,,,,,,,,,,,,,,,,,,,,,,,,,,,,,,,,,,,,,,,,,
https://www.dailymail.co.uk/news/article-9576403/This-chart-reveals-border-apprehensions-soared-Biden-took-office.html,6,dailymail_1493.jpg,dailymail_1494.jpg,dailymail_1495.jpg,dailymail_1496.jpg,dailymail_1497.jpg,dailymail_1498.jpg,,,,,,,,,,,,,,,,,,,,,,,,,,,,,,,,,,,,,,,,,,,,,,,,
https://www.dailymail.co.uk/news/article-3425299/Inside-Neo-Nazi-firm-Swedish-football-hooligans-tell-teamed-launch-vicious-attack-Stockholm-migrants.html,10,dailymail_1499.jpg,dailymail_1500.jpg,dailymail_1501.jpg,dailymail_1502.jpg,dailymail_1503.jpg,dailymail_1504.jpg,dailymail_1505.jpg,dailymail_1506.jpg,dailymail_1507.jpg,dailymail_1508.jpg,,,,,,,,,,,,,,,,,,,,,,,,,,,,,,,,,,,,,,,,,,,,
https://www.dailymail.co.uk/news/article-6937855/Border-agents-capture-1-800-illegal-immigrants-one-day.html,12,dailymail_1509.jpg,dailymail_1510.jpg,dailymail_1511.jpg,dailymail_1512.jpg,dailymail_1513.jpg,dailymail_1514.jpg,dailymail_1515.jpg,dailymail_1516.jpg,dailymail_1517.jpg,dailymail_1518.jpg,dailymail_1519.jpg,dailymail_1520.jpg,,,,,,,,,,,,,,,,,,,,,,,,,,,,,,,,,,,,,,,,,,
https://www.dailymail.co.uk/news/article-8181141/Hamptons-population-doubles-rental-prices-soar-cases-peak-7-000.html,37,dailymail_1521.jpg,dailymail_1522.jpg,dailymail_1523.jpg,dailymail_1524.jpg,dailymail_1525.jpg,dailymail_1526.jpg,dailymail_1527.jpg,dailymail_1528.jpg,dailymail_1529.jpg,dailymail_1530.jpg,dailymail_1531.jpg,dailymail_1532.jpg,dailymail_1533.jpg,dailymail_1534.jpg,dailymail_1535.jpg,dailymail_1536.jpg,dailymail_1537.jpg,dailymail_1538.jpg,dailymail_1539.jpg,dailymail_1540.jpg,dailymail_1541.jpg,dailymail_1542.jpg,dailymail_1543.jpg,dailymail_1544.jpg,dailymail_1545.jpg,dailymail_1546.jpg,dailymail_1547.jpg,dailymail_1548.jpg,dailymail_1549.jpg,dailymail_1550.jpg,dailymail_1551.jpg,dailymail_1552.jpg,dailymail_1553.jpg,dailymail_1554.jpg,dailymail_1555.jpg,dailymail_1556.jpg,dailymail_1557.jpg,,,,,,,,,,,,,,,,,
https://www.dailymail.co.uk/news/article-15015837/Labours-migrant-hotels-policy-disarray-Asylum-seekers-stunned-Epping-Council-wins-legal-battle-out.html,6,dailymail_1558.jpg,dailymail_1559.jpg,dailymail_1560.jpg,dailymail_1561.jpg,dailymail_1562.jpg,dailymail_1563.jpg,,,,,,,,,,,,,,,,,,,,,,,,,,,,,,,,,,,,,,,,,,,,,,,,
https://www.dailymail.co.uk/news/article-3397692/British-charity-Calais-migrants-condemned-saying-truck-drivers-complain-refugees-attacking-vehicles-change-jobs.html,3,dailymail_1564.jpg,dailymail_1565.jpg,dailymail_1566.jpg,,,,,,,,,,,,,,,,,,,,,,,,,,,,,,,,,,,,,,,,,,,,,,,,,,,
https://www.dailymail.co.uk/news/article-14943075/Angry-protests-erupt-outside-taxpayer-funded-asylum-hotel-demonstrators-shout-rubber-dinghies.html,6,dailymail_1567.jpg,dailymail_1568.jpg,dailymail_1569.jpg,dailymail_1570.jpg,dailymail_1571.jpg,dailymail_1572.jpg,,,,,,,,,,,,,,,,,,,,,,,,,,,,,,,,,,,,,,,,,,,,,,,,
https://www.dailymail.co.uk/news/article-14790193/French-demand-money-Britain-stop-migrants-boats-cross-English-Channel.html,7,dailymail_1573.jpg,dailymail_1574.jpg,dailymail_1575.jpg,dailymail_1576.jpg,dailymail_1577.jpg,dailymail_1578.jpg,dailymail_1579.jpg,,,,,,,,,,,,,,,,,,,,,,,,,,,,,,,,,,,,,,,,,,,,,,,
https://www.dailymail.co.uk/news/article-11514071/Meet-seaside-hoteliers-turned-550-000-house-migrants.html,6,dailymail_1580.jpg,dailymail_1581.jpg,dailymail_1582.jpg,dailymail_1583.jpg,dailymail_1584.jpg,dailymail_1585.jpg,,,,,,,,,,,,,,,,,,,,,,,,,,,,,,,,,,,,,,,,,,,,,,,,
https://www.dailymail.co.uk/news/article-6363043/Now-12-year-old-BROTHER-father-two-asylum-seeker-30-removed-school.html,4,dailymail_1586.jpg,dailymail_1587.jpg,dailymail_1588.jpg,dailymail_1589.jpg,,,,,,,,,,,,,,,,,,,,,,,,,,,,,,,,,,,,,,,,,,,,,,,,,,
https://www.dailymail.co.uk/news/article-13705791/Warning-lethal-razor-blades-hidden-far-right-extremist-stickers-train-station-close-school.html,2,dailymail_1590.jpg,dailymail_1591.jpg,,,,,,,,,,,,,,,,,,,,,,,,,,,,,,,,,,,,,,,,,,,,,,,,,,,,
https://www.dailymail.co.uk/news/article-14741703/Max-Aitchison-Aussie-lie.html,7,dailymail_1592.jpg,dailymail_1593.jpg,dailymail_1594.jpg,dailymail_1595.jpg,dailymail_1596.jpg,dailymail_1597.jpg,dailymail_1598.jpg,,,,,,,,,,,,,,,,,,,,,,,,,,,,,,,,,,,,,,,,,,,,,,,
https://www.dailymail.co.uk/news/article-15018187/The-luxury-life-migrant-taxpayer-funded-hotel-Sudanese-asylum-seeker-pictured-Macbooks-Louis-Vuitton-wallet-luxury-water-paid-running-Silicon-Valley-style-business-bedroom.html,10,dailymail_1599.jpg,dailymail_1600.jpg,dailymail_1601.jpg,dailymail_1602.jpg,dailymail_1603.jpg,dailymail_1604.jpg,dailymail_1605.jpg,dailymail_1606.jpg,dailymail_1607.jpg,dailymail_1608.jpg,,,,,,,,,,,,,,,,,,,,,,,,,,,,,,,,,,,,,,,,,,,,
https://www.dailymail.co.uk/news/article-14193157/five-people-killed.html,4,dailymail_1609.jpg,dailymail_1610.jpg,dailymail_1611.jpg,dailymail_1612.jpg,,,,,,,,,,,,,,,,,,,,,,,,,,,,,,,,,,,,,,,,,,,,,,,,,,
https://www.dailymail.co.uk/news/article-3106038/The-11-year-old-boy-Nauru-waiting-month-surgery-fix-broken-arm-help-advocates-warned-left-permanently-disabled.html,3,dailymail_1613.jpg,dailymail_1614.jpg,dailymail_1615.jpg,,,,,,,,,,,,,,,,,,,,,,,,,,,,,,,,,,,,,,,,,,,,,,,,,,,
https://www.dailymail.co.uk/news/article-3282422/Two-migrant-boats-arrive-British-soil-astonishing-security-breach-coming-ashore-RAF-base-Cyprus-UK-jets-carrying-strikes-against-ISIS.html,9,dailymail_1616.jpg,dailymail_1617.jpg,dailymail_1618.jpg,dailymail_1619.jpg,dailymail_1620.jpg,dailymail_1621.jpg,dailymail_1622.jpg,dailymail_1623.jpg,dailymail_1624.jpg,,,,,,,,,,,,,,,,,,,,,,,,,,,,,,,,,,,,,,,,,,,,,
https://www.dailymail.co.uk/news/rwanda/index.html,0,,,,,,,,,,,,,,,,,,,,,,,,,,,,,,,,,,,,,,,,,,,,,,,,,,,,,,
https://www.dailymail.co.uk/news/article-11736735/Moldovas-pro-Western-government-RESIGNS-day-Zelensky-warned-Russian-plan-destroy-it.html,4,dailymail_1625.jpg,dailymail_1626.jpg,dailymail_1627.jpg,dailymail_1628.jpg,,,,,,,,,,,,,,,,,,,,,,,,,,,,,,,,,,,,,,,,,,,,,,,,,,
https://www.dailymail.co.uk/news/article-10009295/Desperate-Haitians-paying-10-000-traveling-thousands-miles-cross-US.html,22,dailymail_1629.jpg,dailymail_1630.jpg,dailymail_1631.jpg,dailymail_1632.jpg,dailymail_1633.jpg,dailymail_1634.jpg,dailymail_1635.jpg,dailymail_1636.jpg,dailymail_1637.jpg,dailymail_1638.jpg,dailymail_1639.jpg,dailymail_1640.jpg,dailymail_1641.jpg,dailymail_1642.jpg,dailymail_1643.jpg,dailymail_1644.jpg,dailymail_1645.jpg,dailymail_1646.jpg,dailymail_1647.jpg,dailymail_1648.jpg,dailymail_1649.jpg,dailymail_1650.jpg,,,,,,,,,,,,,,,,,,,,,,,,,,,,,,,,
https://www.dailymail.co.uk/news/article-10332301/Gang-tried-make-millions-smuggling-69-Albanians-jailed-35-years.html,9,dailymail_1651.jpg,dailymail_1652.jpg,dailymail_1653.jpg,dailymail_1654.jpg,dailymail_1655.jpg,dailymail_1656.jpg,dailymail_1657.jpg,dailymail_1658.jpg,dailymail_1659.jpg,,,,,,,,,,,,,,,,,,,,,,,,,,,,,,,,,,,,,,,,,,,,,
https://www.dailymail.co.uk/news/article-13983253/tiny-town-illegal-haitian-migrants-populating-schools-indiana-logansport.html,6,dailymail_1660.jpg,dailymail_1661.jpg,dailymail_1662.jpg,dailymail_1663.jpg,dailymail_1664.jpg,dailymail_1665.jpg,,,,,,,,,,,,,,,,,,,,,,,,,,,,,,,,,,,,,,,,,,,,,,,,
https://www.dailymail.co.uk/news/article-13038033/Clapham-chemical-attack-suspect-good-Muslim-bought-Halal-meat-avoided-alcohol-friends-say-questions-grow-authorities-church-leaders-allowed-claim-hed-converted-Christianity-stay-UK.html,23,dailymail_1666.jpg,dailymail_1667.jpg,dailymail_1668.jpg,dailymail_1669.jpg,dailymail_1670.jpg,dailymail_1671.jpg,dailymail_1672.jpg,dailymail_1673.jpg,dailymail_1674.jpg,dailymail_1675.jpg,dailymail_1676.jpg,dailymail_1677.jpg,dailymail_1678.jpg,dailymail_1679.jpg,dailymail_1680.jpg,dailymail_1681.jpg,dailymail_1682.jpg,dailymail_1683.jpg,dailymail_1684.jpg,dailymail_1685.jpg,dailymail_1686.jpg,dailymail_1687.jpg,dailymail_1688.jpg,,,,,,,,,,,,,,,,,,,,,,,,,,,,,,,
https://www.dailymail.co.uk/news/article-14478989/pro-palestinian-Columbia-graduate-arrested-ICE-campus-protests.html,4,dailymail_1689.jpg,dailymail_1690.jpg,dailymail_1691.jpg,dailymail_1692.jpg,,,,,,,,,,,,,,,,,,,,,,,,,,,,,,,,,,,,,,,,,,,,,,,,,,
https://www.dailymail.co.uk/news/article-3247948/Will-one-Aylan-s-Island-Egyptian-billionaire-refuses-Greek-island-plans-turn-home-200-000-refugees-experts-reveal-likely-ones.html,23,dailymail_1693.jpg,dailymail_1694.jpg,dailymail_1695.jpg,dailymail_1696.jpg,dailymail_1697.jpg,dailymail_1698.jpg,dailymail_1699.jpg,dailymail_1700.jpg,dailymail_1701.jpg,dailymail_1702.jpg,dailymail_1703.jpg,dailymail_1704.jpg,dailymail_1705.jpg,dailymail_1706.jpg,dailymail_1707.jpg,dailymail_1708.jpg,dailymail_1709.jpg,dailymail_1710.jpg,dailymail_1711.jpg,dailymail_1712.jpg,dailymail_1713.jpg,dailymail_1714.jpg,dailymail_1715.jpg,,,,,,,,,,,,,,,,,,,,,,,,,,,,,,,
https://www.dailymail.co.uk/news/article-11511891/Staff-Oxfordshire-hotel-redundant-Christmas-bosses-Government-contract.html,4,dailymail_1716.jpg,dailymail_1717.jpg,dailymail_1718.jpg,dailymail_1719.jpg,,,,,,,,,,,,,,,,,,,,,,,,,,,,,,,,,,,,,,,,,,,,,,,,,,
https://www.dailymail.co.uk/news/article-3420245/Why-Boston-segregated-town-UK-Old-agricultural-industrial-heartlands-places-residents-live-parallel-lives.html,7,dailymail_1720.jpg,dailymail_1721.jpg,dailymail_1722.jpg,dailymail_1723.jpg,dailymail_1724.jpg,dailymail_1725.jpg,dailymail_1726.jpg,,,,,,,,,,,,,,,,,,,,,,,,,,,,,,,,,,,,,,,,,,,,,,,
https://www.dailymail.co.uk/news/article-13423425/boats-engines-migrants-Channel-stored-Dover-warehouse-government-Rwanda-deportation-plan-failed-asylum-seekers.html,7,dailymail_1727.jpg,dailymail_1728.jpg,dailymail_1729.jpg,dailymail_1730.jpg,dailymail_1731.jpg,dailymail_1732.jpg,dailymail_1733.jpg,,,,,,,,,,,,,,,,,,,,,,,,,,,,,,,,,,,,,,,,,,,,,,,
https://www.dailymail.co.uk/news/article-7094769/Does-woman-orgasm-13-minutes-25-seconds-Yes-,2,dailymail_1734.jpg,dailymail_1735.jpg,,,,,,,,,,,,,,,,,,,,,,,,,,,,,,,,,,,,,,,,,,,,,,,,,,,,
https://www.dailymail.co.uk/news/article-5932107/Migrants-wait-Libya-cross-Mediterranean-Europe-Italy-turned-boats-away.html,5,dailymail_1736.jpg,dailymail_1737.jpg,dailymail_1738.jpg,dailymail_1739.jpg,dailymail_1740.jpg,,,,,,,,,,,,,,,,,,,,,,,,,,,,,,,,,,,,,,,,,,,,,,,,,
https://www.dailymail.co.uk/news/article-3161621/I-m-not-running-marathon-m-not-shaving-head-Australian-woman-taken-unique-approach-charity-fundraising-doing-NOTHING.html,5,dailymail_1741.jpg,dailymail_1742.jpg,dailymail_1743.jpg,dailymail_1744.jpg,dailymail_1745.jpg,,,,,,,,,,,,,,,,,,,,,,,,,,,,,,,,,,,,,,,,,,,,,,,,,
https://www.dailymail.co.uk/news/article-12529797/Suburbs-immigrants-moving.html,4,dailymail_1746.jpg,dailymail_1747.jpg,dailymail_1748.jpg,dailymail_1749.jpg,,,,,,,,,,,,,,,,,,,,,,,,,,,,,,,,,,,,,,,,,,,,,,,,,,
https://www.dailymail.co.uk/news/article-7224915/Failed-asylum-seeker-31-tried-smuggle-11-fellow-Kurds-Britain.html,3,dailymail_1750.jpg,dailymail_1751.jpg,dailymail_1752.jpg,,,,,,,,,,,,,,,,,,,,,,,,,,,,,,,,,,,,,,,,,,,,,,,,,,,
https://www.dailymail.co.uk/news/article-14821187/Channel-crossing-Migrant-TV-licence-fees-bowling-trips-trampoline-visits-funded-taxpayer.html,7,dailymail_1753.jpg,dailymail_1754.jpg,dailymail_1755.jpg,dailymail_1756.jpg,dailymail_1757.jpg,dailymail_1758.jpg,dailymail_1759.jpg,,,,,,,,,,,,,,,,,,,,,,,,,,,,,,,,,,,,,,,,,,,,,,,
https://www.dailymail.co.uk/news/article-3320356/Fake-Syrian-passport-used-MailOnline-shocking-frailty-migrant-registration-used-suspected-Paris-terrorist-travel-Europe.html,13,dailymail_1760.jpg,dailymail_1761.jpg,dailymail_1762.jpg,dailymail_1763.jpg,dailymail_1764.jpg,dailymail_1765.jpg,dailymail_1766.jpg,dailymail_1767.jpg,dailymail_1768.jpg,dailymail_1769.jpg,dailymail_1770.jpg,dailymail_1771.jpg,dailymail_1772.jpg,,,,,,,,,,,,,,,,,,,,,,,,,,,,,,,,,,,,,,,,,
https://www.dailymail.co.uk/news/article-9803329/Tommy-Robinson-faces-wait-learn-result-190-000-libel-case-brought-Syrian-teenager.html,3,dailymail_1773.jpg,dailymail_1774.jpg,dailymail_1775.jpg,,,,,,,,,,,,,,,,,,,,,,,,,,,,,,,,,,,,,,,,,,,,,,,,,,,
https://www.dailymail.co.uk/news/article-13584815/Oliver-Dowden-Banksy-Glastonbury-inflatable-migrant-boat-saying-traffickers-putting-migrant-families-lives-risk-not-sort-thing-joke-with.html,24,dailymail_1776.jpg,dailymail_1777.jpg,dailymail_1778.jpg,dailymail_1779.jpg,dailymail_1780.jpg,dailymail_1781.jpg,dailymail_1782.jpg,dailymail_1783.jpg,dailymail_1784.jpg,dailymail_1785.jpg,dailymail_1786.jpg,dailymail_1787.jpg,dailymail_1788.jpg,dailymail_1789.jpg,dailymail_1790.jpg,dailymail_1791.jpg,dailymail_1792.jpg,dailymail_1793.jpg,dailymail_1794.jpg,dailymail_1795.jpg,dailymail_1796.jpg,dailymail_1797.jpg,dailymail_1798.jpg,dailymail_1799.jpg,,,,,,,,,,,,,,,,,,,,,,,,,,,,,,
https://www.dailymail.co.uk/news/article-3474557/Number-Iraqi-migrants-applying-return-home-Sweden-DOUBLES-decide-face-life-Europe.html,4,dailymail_1800.jpg,dailymail_1801.jpg,dailymail_1802.jpg,dailymail_1803.jpg,,,,,,,,,,,,,,,,,,,,,,,,,,,,,,,,,,,,,,,,,,,,,,,,,,
https://www.dailymail.co.uk/news/article-8974701/More-2-000-adult-asylum-seekers-pretending-children.html,3,dailymail_1804.jpg,dailymail_1805.jpg,dailymail_1806.jpg,,,,,,,,,,,,,,,,,,,,,,,,,,,,,,,,,,,,,,,,,,,,,,,,,,,
https://www.dailymail.co.uk/news/article-14610451/Student-profiled-CBS-arrested-citizenship-interview-latest-ICE-crackdown.html,5,dailymail_1807.jpg,dailymail_1808.jpg,dailymail_1809.jpg,dailymail_1810.jpg,dailymail_1811.jpg,,,,,,,,,,,,,,,,,,,,,,,,,,,,,,,,,,,,,,,,,,,,,,,,,
https://www.dailymail.co.uk/news/article-15024231/Theyve-changed-tune-Labour-MPs-Rwanda-style-deportation-scheme-small-boat-migrants-amid-dire-asylum-figures.html?ico=news%5Eheadlines,6,dailymail_1812.jpg,dailymail_1813.jpg,dailymail_1814.jpg,dailymail_1815.jpg,dailymail_1816.jpg,dailymail_1817.jpg,,,,,,,,,,,,,,,,,,,,,,,,,,,,,,,,,,,,,,,,,,,,,,,,
https://www.dailymail.co.uk/news/article-7605395/Increasing-number-migrants-pay-10-000-UK.html,14,dailymail_1818.jpg,dailymail_1819.jpg,dailymail_1820.jpg,dailymail_1821.jpg,dailymail_1822.jpg,dailymail_1823.jpg,dailymail_1824.jpg,dailymail_1825.jpg,dailymail_1826.jpg,dailymail_1827.jpg,dailymail_1828.jpg,dailymail_1829.jpg,dailymail_1830.jpg,dailymail_1831.jpg,,,,,,,,,,,,,,,,,,,,,,,,,,,,,,,,,,,,,,,,
https://www.dailymail.co.uk/news/article-8746617/Migrant-boat-lands-NUDIST-beach-Sussex-coast.html,4,dailymail_1832.jpg,dailymail_1833.jpg,dailymail_1834.jpg,dailymail_1835.jpg,,,,,,,,,,,,,,,,,,,,,,,,,,,,,,,,,,,,,,,,,,,,,,,,,,
https://www.dailymail.co.uk/news/article-14975349/Police-chief-hits-Nigel-Farages-claims-cover-alleged-rape-12-year-old-girl-Afghan-asylum-seekers.html,2,dailymail_1836.jpg,dailymail_1837.jpg,,,,,,,,,,,,,,,,,,,,,,,,,,,,,,,,,,,,,,,,,,,,,,,,,,,,
https://www.dailymail.co.uk/news/article-10746689/Anthony-Hopkins-84-oldest-UK-actor-lead-movie-role-British-Schindler.html,2,dailymail_1838.jpg,dailymail_1839.jpg,,,,,,,,,,,,,,,,,,,,,,,,,,,,,,,,,,,,,,,,,,,,,,,,,,,,
https://www.dailymail.co.uk/news/article-6529209/Heartbreaking-photos-open-casket-funeral-Guatemalan-7-year-old-died-U-S-custody.html,25,dailymail_1840.jpg,dailymail_1841.jpg,dailymail_1842.jpg,dailymail_1843.jpg,dailymail_1844.jpg,dailymail_1845.jpg,dailymail_1846.jpg,dailymail_1847.jpg,dailymail_1848.jpg,dailymail_1849.jpg,dailymail_1850.jpg,dailymail_1851.jpg,dailymail_1852.jpg,dailymail_1853.jpg,dailymail_1854.jpg,dailymail_1855.jpg,dailymail_1856.jpg,dailymail_1857.jpg,dailymail_1858.jpg,dailymail_1859.jpg,dailymail_1860.jpg,dailymail_1861.jpg,dailymail_1862.jpg,dailymail_1863.jpg,dailymail_1864.jpg,,,,,,,,,,,,,,,,,,,,,,,,,,,,,
https://www.dailymail.co.uk/news/article-11088973/More-18-000-migrants-crossed-Channel-far-year-337-arrived-Saturday.html,9,dailymail_1865.jpg,dailymail_1866.jpg,dailymail_1867.jpg,dailymail_1868.jpg,dailymail_1869.jpg,dailymail_1870.jpg,dailymail_1871.jpg,dailymail_1872.jpg,dailymail_1873.jpg,,,,,,,,,,,,,,,,,,,,,,,,,,,,,,,,,,,,,,,,,,,,,
https://www.dailymail.co.uk/news/article-14906945/More-one-million-migrants-claiming-Universal-Credit-Britain-latest-figures-show.html,3,dailymail_1874.jpg,dailymail_1875.jpg,dailymail_1876.jpg,,,,,,,,,,,,,,,,,,,,,,,,,,,,,,,,,,,,,,,,,,,,,,,,,,,
https://www.dailymail.co.uk/news/article-10691457/Pope-slams-horrendous-cruelty-Bucha-kisses-Ukrainian-flag-meets-child-refugees.html,13,dailymail_1877.jpg,dailymail_1878.jpg,dailymail_1879.jpg,dailymail_1880.jpg,dailymail_1881.jpg,dailymail_1882.jpg,dailymail_1883.jpg,dailymail_1884.jpg,dailymail_1885.jpg,dailymail_1886.jpg,dailymail_1887.jpg,dailymail_1888.jpg,dailymail_1889.jpg,,,,,,,,,,,,,,,,,,,,,,,,,,,,,,,,,,,,,,,,,
https://www.dailymail.co.uk/news/article-3426142/Germany-hands-cartoon-etiquette-guides-swimming-baths-dozens-women-groped-migrants.html,3,dailymail_1890.jpg,dailymail_1891.jpg,dailymail_1892.jpg,,,,,,,,,,,,,,,,,,,,,,,,,,,,,,,,,,,,,,,,,,,,,,,,,,,
https://www.dailymail.co.uk/news/article-9866931/Charity-watchdog-launches-inquiry-finances-Channel-migrant-aid-group-Care4Calais.html,2,dailymail_1893.jpg,dailymail_1894.jpg,,,,,,,,,,,,,,,,,,,,,,,,,,,,,,,,,,,,,,,,,,,,,,,,,,,,
https://www.dailymail.co.uk/news/article-3896774/Migrant-battle-streets-Paris-Large-gangs-men-armed-makeshift-clubs-fight-Calais-Jungle-camp-destroyed.html,24,dailymail_1895.jpg,dailymail_1896.jpg,dailymail_1897.jpg,dailymail_1898.jpg,dailymail_1899.jpg,dailymail_1900.jpg,dailymail_1901.jpg,dailymail_1902.jpg,dailymail_1903.jpg,dailymail_1904.jpg,dailymail_1905.jpg,dailymail_1906.jpg,dailymail_1907.jpg,dailymail_1908.jpg,dailymail_1909.jpg,dailymail_1910.jpg,dailymail_1911.jpg,dailymail_1912.jpg,dailymail_1913.jpg,dailymail_1914.jpg,dailymail_1915.jpg,dailymail_1916.jpg,dailymail_1917.jpg,dailymail_1918.jpg,,,,,,,,,,,,,,,,,,,,,,,,,,,,,,
https://www.dailymail.co.uk/news/sir-mark-rowley/index.html,0,,,,,,,,,,,,,,,,,,,,,,,,,,,,,,,,,,,,,,,,,,,,,,,,,,,,,,
https://www.dailymail.co.uk/news/article-3882218/Paris-s-new-tent-city-French-capital-scarred-growing-campsites-thousands-migrants-turfed-Jungle-pitch-launching-new-attempts-reach-Britain.html,51,dailymail_1919.jpg,dailymail_1920.jpg,dailymail_1921.jpg,dailymail_1922.jpg,dailymail_1923.jpg,dailymail_1924.jpg,dailymail_1925.jpg,dailymail_1926.jpg,dailymail_1927.jpg,dailymail_1928.jpg,dailymail_1929.jpg,dailymail_1930.jpg,dailymail_1931.jpg,dailymail_1932.jpg,dailymail_1933.jpg,dailymail_1934.jpg,dailymail_1935.jpg,dailymail_1936.jpg,dailymail_1937.jpg,dailymail_1938.jpg,dailymail_1939.jpg,dailymail_1940.jpg,dailymail_1941.jpg,dailymail_1942.jpg,dailymail_1943.jpg,dailymail_1944.jpg,dailymail_1945.jpg,dailymail_1946.jpg,dailymail_1947.jpg,dailymail_1948.jpg,dailymail_1949.jpg,dailymail_1950.jpg,dailymail_1951.jpg,dailymail_1952.jpg,dailymail_1953.jpg,dailymail_1954.jpg,dailymail_1955.jpg,dailymail_1956.jpg,dailymail_1957.jpg,dailymail_1958.jpg,dailymail_1959.jpg,dailymail_1960.jpg,dailymail_1961.jpg,dailymail_1962.jpg,dailymail_1963.jpg,dailymail_1964.jpg,dailymail_1965.jpg,dailymail_1966.jpg,dailymail_1967.jpg,dailymail_1968.jpg,dailymail_1969.jpg,,,
https://www.dailymail.co.uk/news/article-14173441/beautiful-country-manor-hosting-asylum-seekers.html,22,dailymail_1970.jpg,dailymail_1971.jpg,dailymail_1972.jpg,dailymail_1973.jpg,dailymail_1974.jpg,dailymail_1975.jpg,dailymail_1976.jpg,dailymail_1977.jpg,dailymail_1978.jpg,dailymail_1979.jpg,dailymail_1980.jpg,dailymail_1981.jpg,dailymail_1982.jpg,dailymail_1983.jpg,dailymail_1984.jpg,dailymail_1985.jpg,dailymail_1986.jpg,dailymail_1987.jpg,dailymail_1988.jpg,dailymail_1989.jpg,dailymail_1990.jpg,dailymail_1991.jpg,,,,,,,,,,,,,,,,,,,,,,,,,,,,,,,,
https://www.dailymail.co.uk/news/article-13333131/Afghan-asylum-seeker-small-boat-jailed-drunk-woman-trying-sexually-assault.html,3,dailymail_1992.jpg,dailymail_1993.jpg,dailymail_1994.jpg,,,,,,,,,,,,,,,,,,,,,,,,,,,,,,,,,,,,,,,,,,,,,,,,,,,
https://www.dailymail.co.uk/news/article-10744637/Syrian-family-stayed-Lambeth-Palace-struggling-small-flat.html,5,dailymail_1995.jpg,dailymail_1996.jpg,dailymail_1997.jpg,dailymail_1998.jpg,dailymail_1999.jpg,,,,,,,,,,,,,,,,,,,,,,,,,,,,,,,,,,,,,,,,,,,,,,,,,
https://www.dailymail.co.uk/news/article-14682455/Irelands-asylum-backlash-Anti-migrant-marches.html,21,dailymail_2000.jpg,dailymail_2001.jpg,dailymail_2002.jpg,dailymail_2003.jpg,dailymail_2004.jpg,dailymail_2005.jpg,dailymail_2006.jpg,dailymail_2007.jpg,dailymail_2008.jpg,dailymail_2009.jpg,dailymail_2010.jpg,dailymail_2011.jpg,dailymail_2012.jpg,dailymail_2013.jpg,dailymail_2014.jpg,dailymail_2015.jpg,dailymail_2016.jpg,dailymail_2017.jpg,dailymail_2018.jpg,dailymail_2019.jpg,dailymail_2020.jpg,,,,,,,,,,,,,,,,,,,,,,,,,,,,,,,,,
https://www.dailymail.co.uk/news/article-3809802/Refugee-begs-new-council-flat-away-nightmare-neighbours.html,2,dailymail_2021.jpg,dailymail_2022.jpg,,,,,,,,,,,,,,,,,,,,,,,,,,,,,,,,,,,,,,,,,,,,,,,,,,,,
https://www.dailymail.co.uk/news/article-12796755/small-boats-migrants-Dover-Channel-crossing-total-28000-year.html,4,dailymail_2023.jpg,dailymail_2024.jpg,dailymail_2025.jpg,dailymail_2026.jpg,,,,,,,,,,,,,,,,,,,,,,,,,,,,,,,,,,,,,,,,,,,,,,,,,,
https://www.dailymail.co.uk/news/article-3000759/Brothers-aged-1-5-12-slashed-death-MACHETE-neighbor-18-mother-sister-survive-late-night-assault.html,5,dailymail_2027.jpg,dailymail_2028.jpg,dailymail_2029.jpg,dailymail_2030.jpg,dailymail_2031.jpg,,,,,,,,,,,,,,,,,,,,,,,,,,,,,,,,,,,,,,,,,,,,,,,,,
https://www.dailymail.co.uk/news/european-union/index.html,0,,,,,,,,,,,,,,,,,,,,,,,,,,,,,,,,,,,,,,,,,,,,,,,,,,,,,,
https://www.dailymail.co.uk/news/italy/article-5962667/Drowned-woman-child-survivor-Libyan-coastguards-left-die-migrant-ship.html,9,dailymail_2032.jpg,dailymail_2033.jpg,dailymail_2034.jpg,dailymail_2035.jpg,dailymail_2036.jpg,dailymail_2037.jpg,dailymail_2038.jpg,dailymail_2039.jpg,dailymail_2040.jpg,,,,,,,,,,,,,,,,,,,,,,,,,,,,,,,,,,,,,,,,,,,,,
https://www.dailymail.co.uk/news/article-3488892/Tragic-scenes-outside-Greek-village-Idomeni-migrant-mother-forced-wash-infant-child-PUDDLE.html,36,dailymail_2041.jpg,dailymail_2042.jpg,dailymail_2043.jpg,dailymail_2044.jpg,dailymail_2045.jpg,dailymail_2046.jpg,dailymail_2047.jpg,dailymail_2048.jpg,dailymail_2049.jpg,dailymail_2050.jpg,dailymail_2051.jpg,dailymail_2052.jpg,dailymail_2053.jpg,dailymail_2054.jpg,dailymail_2055.jpg,dailymail_2056.jpg,dailymail_2057.jpg,dailymail_2058.jpg,dailymail_2059.jpg,dailymail_2060.jpg,dailymail_2061.jpg,dailymail_2062.jpg,dailymail_2063.jpg,dailymail_2064.jpg,dailymail_2065.jpg,dailymail_2066.jpg,dailymail_2067.jpg,dailymail_2068.jpg,dailymail_2069.jpg,dailymail_2070.jpg,dailymail_2071.jpg,dailymail_2072.jpg,dailymail_2073.jpg,dailymail_2074.jpg,dailymail_2075.jpg,dailymail_2076.jpg,,,,,,,,,,,,,,,,,,
https://www.dailymail.co.uk/news/article-11486353/Ukrainian-woman-fled-war-live-Germany-stabbed-death.html,2,dailymail_2077.jpg,dailymail_2078.jpg,,,,,,,,,,,,,,,,,,,,,,,,,,,,,,,,,,,,,,,,,,,,,,,,,,,,
https://www.dailymail.co.uk/news/article-3335689/How-50-000-migrants-came-UK-Romania-Bulgaria-just-one-year-Figure-19-000-year-given-right-work-freely-Britain.html,3,dailymail_2079.jpg,dailymail_2080.jpg,dailymail_2081.jpg,,,,,,,,,,,,,,,,,,,,,,,,,,,,,,,,,,,,,,,,,,,,,,,,,,,
https://www.dailymail.co.uk/news/article-11522503/Convicted-ringleader-large-scale-people-smuggling-gang-sentenced-eight-years-prison.html,3,dailymail_2082.jpg,dailymail_2083.jpg,dailymail_2084.jpg,,,,,,,,,,,,,,,,,,,,,,,,,,,,,,,,,,,,,,,,,,,,,,,,,,,
https://www.dailymail.co.uk/news/article-15002135/TikTok-migrant-guide-crossing-Channel-kill-wife-rant.html,11,dailymail_2085.jpg,dailymail_2086.jpg,dailymail_2087.jpg,dailymail_2088.jpg,dailymail_2089.jpg,dailymail_2090.jpg,dailymail_2091.jpg,dailymail_2092.jpg,dailymail_2093.jpg,dailymail_2094.jpg,dailymail_2095.jpg,,,,,,,,,,,,,,,,,,,,,,,,,,,,,,,,,,,,,,,,,,,
https://www.dailymail.co.uk/news/article-5138145/Salzgitter-Germany-bans-migrants-arriving.html,9,dailymail_2096.jpg,dailymail_2097.jpg,dailymail_2098.jpg,dailymail_2099.jpg,dailymail_2100.jpg,dailymail_2101.jpg,dailymail_2102.jpg,dailymail_2103.jpg,dailymail_2104.jpg,,,,,,,,,,,,,,,,,,,,,,,,,,,,,,,,,,,,,,,,,,,,,
https://www.dailymail.co.uk/news/article-13036941/Megyn-kelly-shock-daughter-transgender-romeo-juliet-reboot-broadway.html,4,dailymail_2105.jpg,dailymail_2106.jpg,dailymail_2107.jpg,dailymail_2108.jpg,,,,,,,,,,,,,,,,,,,,,,,,,,,,,,,,,,,,,,,,,,,,,,,,,,
https://www.dailymail.co.uk/news/article-12492779/New-York-migrants-cost.html,8,dailymail_2109.jpg,dailymail_2110.jpg,dailymail_2111.jpg,dailymail_2112.jpg,dailymail_2113.jpg,dailymail_2114.jpg,dailymail_2115.jpg,dailymail_2116.jpg,,,,,,,,,,,,,,,,,,,,,,,,,,,,,,,,,,,,,,,,,,,,,,
https://www.dailymail.co.uk/news/article-3300029/Police-prepare-violence-500-migrants-moved-German-village-population-just-102-neo-Nazi-town-councillor.html,25,dailymail_2117.jpg,dailymail_2118.jpg,dailymail_2119.jpg,dailymail_2120.jpg,dailymail_2121.jpg,dailymail_2122.jpg,dailymail_2123.jpg,dailymail_2124.jpg,dailymail_2125.jpg,dailymail_2126.jpg,dailymail_2127.jpg,dailymail_2128.jpg,dailymail_2129.jpg,dailymail_2130.jpg,dailymail_2131.jpg,dailymail_2132.jpg,dailymail_2133.jpg,dailymail_2134.jpg,dailymail_2135.jpg,dailymail_2136.jpg,dailymail_2137.jpg,dailymail_2138.jpg,dailymail_2139.jpg,dailymail_2140.jpg,dailymail_2141.jpg,,,,,,,,,,,,,,,,,,,,,,,,,,,,,
https://www.dailymail.co.uk/news/article-4663964/Three-gorillas-rampage-zoo.html,3,dailymail_2142.jpg,dailymail_2143.jpg,dailymail_2144.jpg,,,,,,,,,,,,,,,,,,,,,,,,,,,,,,,,,,,,,,,,,,,,,,,,,,,
https://www.dailymail.co.uk/news/article-11275445/More-33-000-migrants-crossed-English-Channel-small-boats-year-MoD-figures-say.html,12,dailymail_2145.jpg,dailymail_2146.jpg,dailymail_2147.jpg,dailymail_2148.jpg,dailymail_2149.jpg,dailymail_2150.jpg,dailymail_2151.jpg,dailymail_2152.jpg,dailymail_2153.jpg,dailymail_2154.jpg,dailymail_2155.jpg,dailymail_2156.jpg,,,,,,,,,,,,,,,,,,,,,,,,,,,,,,,,,,,,,,,,,,
https://www.dailymail.co.uk/news/article-6576739/Probation-officer-says-violent-thug-murdered-young-father-prison.html,5,dailymail_2157.jpg,dailymail_2158.jpg,dailymail_2159.jpg,dailymail_2160.jpg,dailymail_2161.jpg,,,,,,,,,,,,,,,,,,,,,,,,,,,,,,,,,,,,,,,,,,,,,,,,,
https://www.dailymail.co.uk/news/article-10550279/Ukraines-great-evacuation-begins-100-000-people-flooded-border.html,14,dailymail_2162.jpg,dailymail_2163.jpg,dailymail_2164.jpg,dailymail_2165.jpg,dailymail_2166.jpg,dailymail_2167.jpg,dailymail_2168.jpg,dailymail_2169.jpg,dailymail_2170.jpg,dailymail_2171.jpg,dailymail_2172.jpg,dailymail_2173.jpg,dailymail_2174.jpg,dailymail_2175.jpg,,,,,,,,,,,,,,,,,,,,,,,,,,,,,,,,,,,,,,,,
https://www.dailymail.co.uk/news/article-3407885/Asylum-seekers-forced-live-houses-red-doors.html,20,dailymail_2176.jpg,dailymail_2177.jpg,dailymail_2178.jpg,dailymail_2179.jpg,dailymail_2180.jpg,dailymail_2181.jpg,dailymail_2182.jpg,dailymail_2183.jpg,dailymail_2184.jpg,dailymail_2185.jpg,dailymail_2186.jpg,dailymail_2187.jpg,dailymail_2188.jpg,dailymail_2189.jpg,dailymail_2190.jpg,dailymail_2191.jpg,dailymail_2192.jpg,dailymail_2193.jpg,dailymail_2194.jpg,dailymail_2195.jpg,,,,,,,,,,,,,,,,,,,,,,,,,,,,,,,,,,
https://www.dailymail.co.uk/news/article-14118417/israeli-airstrike-beirut-dead-palestinians-refugees-killed-lebanon.html,13,dailymail_2196.jpg,dailymail_2197.jpg,dailymail_2198.jpg,dailymail_2199.jpg,dailymail_2200.jpg,dailymail_2201.jpg,dailymail_2202.jpg,dailymail_2203.jpg,dailymail_2204.jpg,dailymail_2205.jpg,dailymail_2206.jpg,dailymail_2207.jpg,dailymail_2208.jpg,,,,,,,,,,,,,,,,,,,,,,,,,,,,,,,,,,,,,,,,,
https://www.dailymail.co.uk/news/article-10212443/Photographer-Tom-Stoddart-captured-fall-Berlin-Wall-Balkans-war-dies-68.html,54,dailymail_2209.jpg,dailymail_2210.jpg,dailymail_2211.jpg,dailymail_2212.jpg,dailymail_2213.jpg,dailymail_2214.jpg,dailymail_2215.jpg,dailymail_2216.jpg,dailymail_2217.jpg,dailymail_2218.jpg,dailymail_2219.jpg,dailymail_2220.jpg,dailymail_2221.jpg,dailymail_2222.jpg,dailymail_2223.jpg,dailymail_2224.jpg,dailymail_2225.jpg,dailymail_2226.jpg,dailymail_2227.jpg,dailymail_2228.jpg,dailymail_2229.jpg,dailymail_2230.jpg,dailymail_2231.jpg,dailymail_2232.jpg,dailymail_2233.jpg,dailymail_2234.jpg,dailymail_2235.jpg,dailymail_2236.jpg,dailymail_2237.jpg,dailymail_2238.jpg,dailymail_2239.jpg,dailymail_2240.jpg,dailymail_2241.jpg,dailymail_2242.jpg,dailymail_2243.jpg,dailymail_2244.jpg,dailymail_2245.jpg,dailymail_2246.jpg,dailymail_2247.jpg,dailymail_2248.jpg,dailymail_2249.jpg,dailymail_2250.jpg,dailymail_2251.jpg,dailymail_2252.jpg,dailymail_2253.jpg,dailymail_2254.jpg,dailymail_2255.jpg,dailymail_2256.jpg,dailymail_2257.jpg,dailymail_2258.jpg,dailymail_2259.jpg,dailymail_2260.jpg,dailymail_2261.jpg,dailymail_2262.jpg
https://www.dailymail.co.uk/news/article-12230687/Infamous-Manston-migrant-site-expanded-add-1-000-places-effort-slash-3bn-asylum-bill.html,2,dailymail_2263.jpg,dailymail_2264.jpg,,,,,,,,,,,,,,,,,,,,,,,,,,,,,,,,,,,,,,,,,,,,,,,,,,,,
https://www.dailymail.co.uk/news/article-6570171/Syrian-charged-murdering-man-Germany-stabbing-sparked-Chemnitz-riots.html,5,dailymail_2265.jpg,dailymail_2266.jpg,dailymail_2267.jpg,dailymail_2268.jpg,dailymail_2269.jpg,,,,,,,,,,,,,,,,,,,,,,,,,,,,,,,,,,,,,,,,,,,,,,,,,
https://www.dailymail.co.uk/news/article-3604707/Pictured-3-000-Australian-cattle-travelled-700-miles-water-escorted-home-loving-Outback-family-three-months-later.html,10,dailymail_2270.jpg,dailymail_2271.jpg,dailymail_2272.jpg,dailymail_2273.jpg,dailymail_2274.jpg,dailymail_2275.jpg,dailymail_2276.jpg,dailymail_2277.jpg,dailymail_2278.jpg,dailymail_2279.jpg,,,,,,,,,,,,,,,,,,,,,,,,,,,,,,,,,,,,,,,,,,,,
https://www.dailymail.co.uk/news/article-11184155/Migrant-clans-war-like-violence-tops-Swedish-voters-concerns.html,6,dailymail_2280.jpg,dailymail_2281.jpg,dailymail_2282.jpg,dailymail_2283.jpg,dailymail_2284.jpg,dailymail_2285.jpg,,,,,,,,,,,,,,,,,,,,,,,,,,,,,,,,,,,,,,,,,,,,,,,,
https://www.dailymail.co.uk/news/article-9871467/Britain-spends-500-000-year-storing-boats-used-migrants-cross-Channel.html,10,dailymail_2286.jpg,dailymail_2287.jpg,dailymail_2288.jpg,dailymail_2289.jpg,dailymail_2290.jpg,dailymail_2291.jpg,dailymail_2292.jpg,dailymail_2293.jpg,dailymail_2294.jpg,dailymail_2295.jpg,,,,,,,,,,,,,,,,,,,,,,,,,,,,,,,,,,,,,,,,,,,,
