URL,Number of Images,Image 1 Name,Image 2 Name,Image 3 Name,Image 4 Name,Image 5 Name,Image 6 Name,Image 7 Name,Image 8 Name,Image 9 Name,,,,,,,,,,,,,,,,,,,,,,,,,,,,,,,,,,,,,
https://www.theguardian.com/global-development/2020/aug/04/we-drink-from-the-toilet-migrants-tell-of-hellish-saudi-detention-centres,2,guardian_1.jpg,guardian_2.jpg,,,,,,,,,,,,,,,,,,,,,,,,,,,,,,,,,,,,,,,,,,,,
https://www.theguardian.com/commentisfree/2025/feb/15/the-observer-view-change-to-uk-citizenship-rule-is-cruel-and-misjudged,1,guardian_3.jpg,,,,,,,,,,,,,,,,,,,,,,,,,,,,,,,,,,,,,,,,,,,,,
https://www.theguardian.com/politics/video/2022/mar/01/ukrainian-activist-close-to-tears-as-she-berates-boris-johnson-over-failure-to-do-more-video,1,guardian_4.jpg,,,,,,,,,,,,,,,,,,,,,,,,,,,,,,,,,,,,,,,,,,,,,
https://www.theguardian.com/world/2023/apr/30/tunisian-cemeteries-fill-up-as-hundreds-of-dead-refugees-wash-up-on-coast,3,guardian_5.jpg,guardian_6.jpg,guardian_7.jpg,,,,,,,,,,,,,,,,,,,,,,,,,,,,,,,,,,,,,,,,,,,
https://www.theguardian.com/world/2015/nov/12/refugee-crisis-sweden-introduces-border-checks,1,guardian_8.jpg,,,,,,,,,,,,,,,,,,,,,,,,,,,,,,,,,,,,,,,,,,,,,
https://www.theguardian.com/uk-news/video/2019/oct/07/after-windrush-paulette-wilsons-visit-to-jamaica-50-years-on,1,guardian_9.jpg,,,,,,,,,,,,,,,,,,,,,,,,,,,,,,,,,,,,,,,,,,,,,
https://www.theguardian.com/news/2015/dec/26/2016-year-ahead-living-precariously-politics-sport-arts-environment-science,8,guardian_10.jpg,guardian_11.jpg,guardian_12.jpg,guardian_13.jpg,guardian_14.jpg,guardian_15.jpg,guardian_16.jpg,guardian_17.jpg,,,,,,,,,,,,,,,,,,,,,,,,,,,,,,,,,,,,,,
https://www.theguardian.com/uk-news/2021/nov/17/uk-minister-admits-big-fall-in-returns-of-boat-arrivals-since-brexit,1,guardian_18.jpg,,,,,,,,,,,,,,,,,,,,,,,,,,,,,,,,,,,,,,,,,,,,,
https://www.theguardian.com/world/2021/mar/07/croatia-landmine-from-1990s-balkans-war-kills-asylum-seeker,1,guardian_19.jpg,,,,,,,,,,,,,,,,,,,,,,,,,,,,,,,,,,,,,,,,,,,,,
https://www.theguardian.com/world/2019/apr/26/more-than-1000-migrants-break-out-of-southern-mexico-detention-centre,1,guardian_20.jpg,,,,,,,,,,,,,,,,,,,,,,,,,,,,,,,,,,,,,,,,,,,,,
https://www.theguardian.com/world/2017/apr/28/refugees-greece-europe-dirty-secret-chios-detention-centres-bursting-point,4,guardian_21.jpg,guardian_22.jpg,guardian_23.jpg,guardian_24.jpg,,,,,,,,,,,,,,,,,,,,,,,,,,,,,,,,,,,,,,,,,,
https://www.theguardian.com/world/2019/jul/26/migrants-rescued-from-sea-kept-at-libyan-centre-hit-by-airstrike,1,guardian_25.jpg,,,,,,,,,,,,,,,,,,,,,,,,,,,,,,,,,,,,,,,,,,,,,
https://www.theguardian.com/commentisfree/2025/jun/05/italy-citizenship-referendum-government-italians,1,guardian_26.jpg,,,,,,,,,,,,,,,,,,,,,,,,,,,,,,,,,,,,,,,,,,,,,
https://www.theguardian.com/world/2019/jun/21/mexico-immigration-chief-vows-to-cut-number-of-people-migrating-by-60,1,guardian_27.jpg,,,,,,,,,,,,,,,,,,,,,,,,,,,,,,,,,,,,,,,,,,,,,
https://www.theguardian.com/world/2018/oct/24/manus-island-lawyer-representing-detainees-vows-to-keep-fighting-for-compensation,1,guardian_28.jpg,,,,,,,,,,,,,,,,,,,,,,,,,,,,,,,,,,,,,,,,,,,,,
https://www.theguardian.com/uk-news/2025/apr/11/hundreds-of-asylum-seekers-to-be-removed-from-hotels-in-england,1,guardian_29.jpg,,,,,,,,,,,,,,,,,,,,,,,,,,,,,,,,,,,,,,,,,,,,,
https://www.theguardian.com/global/video/2021/dec/02/unsafe-passage-onboard-a-refugee-rescue-ship-racing-for-europe-video,1,guardian_30.jpg,,,,,,,,,,,,,,,,,,,,,,,,,,,,,,,,,,,,,,,,,,,,,
https://www.theguardian.com/uk-news/2025/aug/03/ministers-are-stoking-fear-and-anger-with-anti-migrant-rhetoric,1,guardian_31.jpg,,,,,,,,,,,,,,,,,,,,,,,,,,,,,,,,,,,,,,,,,,,,,
https://www.theguardian.com/world/2016/oct/29/wine-village-burgundy-refugees-temporary-home-france-calais,3,guardian_32.jpg,guardian_33.jpg,guardian_34.jpg,,,,,,,,,,,,,,,,,,,,,,,,,,,,,,,,,,,,,,,,,,,
https://www.theguardian.com/world/2025/apr/24/who-wept-for-these-people-franciss-papacy-was-defined-by-compassion-for-refugees,3,guardian_35.jpg,guardian_36.jpg,guardian_37.jpg,,,,,,,,,,,,,,,,,,,,,,,,,,,,,,,,,,,,,,,,,,,
https://www.theguardian.com/world/2020/may/08/bangladesh-takes-rohingya-refugees-to-de-facto-detention-island,2,guardian_38.jpg,guardian_39.jpg,,,,,,,,,,,,,,,,,,,,,,,,,,,,,,,,,,,,,,,,,,,,
https://www.theguardian.com/uk-news/2016/jun/22/sudanese-refugee-walked-through-channel-tunnel-pleads-guilty-abdul-haroun,1,guardian_40.jpg,,,,,,,,,,,,,,,,,,,,,,,,,,,,,,,,,,,,,,,,,,,,,
https://www.theguardian.com/world/2018/jul/03/mediterranean-migrants-drown-three-days-libya-italy,1,guardian_41.jpg,,,,,,,,,,,,,,,,,,,,,,,,,,,,,,,,,,,,,,,,,,,,,
https://www.theguardian.com/news/2015/mar/24/how-immigration-came-to-haunt-labour-inside-story,5,guardian_42.jpeg,guardian_43.jpeg,guardian_44.jpeg,guardian_45.jpeg,guardian_46.jpeg,,,,,,,,,,,,,,,,,,,,,,,,,,,,,,,,,,,,,,,,,
https://www.theguardian.com/world/2025/apr/26/royals-and-refugees-to-come-together-in-rome-for-funeral-of-pope-francis,1,guardian_47.jpg,,,,,,,,,,,,,,,,,,,,,,,,,,,,,,,,,,,,,,,,,,,,,
https://www.theguardian.com/politics/2021/nov/25/backlash-after-priti-patel-rebukes-media-over-channel-migrants-label,1,guardian_48.jpg,,,,,,,,,,,,,,,,,,,,,,,,,,,,,,,,,,,,,,,,,,,,,
https://www.theguardian.com/world/2025/jan/22/israeli-forces-surround-palestinian-hospital-refugee-camp-west-bank,6,guardian_49.jpg,guardian_50.jpg,guardian_51.jpg,guardian_52.jpg,guardian_53.jpg,guardian_54.jpg,,,,,,,,,,,,,,,,,,,,,,,,,,,,,,,,,,,,,,,,
https://www.theguardian.com/commentisfree/picture/2021/nov/26/seamus-jennings-on-boris-johnson-and-the-channel-migrant-crisis-cartoon,1,guardian_55.jpg,,,,,,,,,,,,,,,,,,,,,,,,,,,,,,,,,,,,,,,,,,,,,
https://www.theguardian.com/uk-news/video/2020/jul/30/young-british-black-from-shetland-to-monmouth-three-young-voices-behind-the-uks-anti-racism-protests-video,1,guardian_56.jpg,,,,,,,,,,,,,,,,,,,,,,,,,,,,,,,,,,,,,,,,,,,,,
https://www.theguardian.com/uk-news/2019/feb/21/cost-of-care-for-asylum-seeking-children-doubles-in-four-years,1,guardian_57.jpg,,,,,,,,,,,,,,,,,,,,,,,,,,,,,,,,,,,,,,,,,,,,,
https://www.theguardian.com/uk-news/2019/apr/28/home-office-chaos-and-incompetence-leads-to-unlawful-detentions-claim-whistleblowers,1,guardian_58.jpg,,,,,,,,,,,,,,,,,,,,,,,,,,,,,,,,,,,,,,,,,,,,,
https://www.theguardian.com/uk-news/2020/may/20/lawyers-deny-british-army-to-blame-for-veterans-illegal-immigrant-status,2,guardian_59.jpg,guardian_60.jpg,,,,,,,,,,,,,,,,,,,,,,,,,,,,,,,,,,,,,,,,,,,,
https://www.theguardian.com/world/article/2024/aug/29/refugee-ngos-attack-eu-shipwreck-double-standard-after-bayesian-effort,1,guardian_61.jpg,,,,,,,,,,,,,,,,,,,,,,,,,,,,,,,,,,,,,,,,,,,,,
https://www.theguardian.com/commentisfree/2015/sep/21/first-responders-migrants-immigration-policy,1,guardian_62.jpeg,,,,,,,,,,,,,,,,,,,,,,,,,,,,,,,,,,,,,,,,,,,,,
https://www.theguardian.com/world/2018/sep/15/return-to-refugee-camps-30-years-on-dina-nayeri,7,guardian_63.jpg,guardian_64.jpg,guardian_65.jpg,guardian_66.jpg,guardian_67.jpg,guardian_68.jpg,guardian_69.jpg,,,,,,,,,,,,,,,,,,,,,,,,,,,,,,,,,,,,,,,
https://www.theguardian.com/world/2022/may/10/giant-puppet-little-amal-to-meet-ukrainian-refugee-children-in-poland,1,guardian_70.jpg,,,,,,,,,,,,,,,,,,,,,,,,,,,,,,,,,,,,,,,,,,,,,
https://www.theguardian.com/world/2017/apr/10/does-the-uk-have-the-worst-asylum-dispersal-system-in-europe,1,guardian_71.jpg,,,,,,,,,,,,,,,,,,,,,,,,,,,,,,,,,,,,,,,,,,,,,
https://www.theguardian.com/society/2023/dec/08/help-us-support-refugees-facing-destitution-to-rebuild-their-lives-in-safety,1,guardian_72.jpg,,,,,,,,,,,,,,,,,,,,,,,,,,,,,,,,,,,,,,,,,,,,,
https://www.theguardian.com/commentisfree/2020/jan/01/as-a-refugee-detained-indefinitely-by-australia-i-wish-you-a-happy-new-year,1,guardian_73.jpg,,,,,,,,,,,,,,,,,,,,,,,,,,,,,,,,,,,,,,,,,,,,,
https://www.theguardian.com/uk-news/2025/aug/08/police-england-brace-disorder-far-right-promote-anti-migrant-protests,2,guardian_74.jpg,guardian_75.jpg,,,,,,,,,,,,,,,,,,,,,,,,,,,,,,,,,,,,,,,,,,,,
https://www.theguardian.com/world/2024/oct/17/clashes-expected-at-eu-summit-as-migration-return-hubs-top-agenda,2,guardian_76.jpg,guardian_77.jpg,,,,,,,,,,,,,,,,,,,,,,,,,,,,,,,,,,,,,,,,,,,,
https://www.theguardian.com/uk-news/2022/jun/23/ukrainians-who-come-to-uk-illegally-could-be-sent-to-rwanda-johnson-says,1,guardian_78.jpg,,,,,,,,,,,,,,,,,,,,,,,,,,,,,,,,,,,,,,,,,,,,,
https://www.theguardian.com/world/2024/dec/23/greece-refugee-children-emergency-arrivals-2024-protection,2,guardian_79.jpg,guardian_80.jpg,,,,,,,,,,,,,,,,,,,,,,,,,,,,,,,,,,,,,,,,,,,,
https://www.theguardian.com/uk-news/2023/dec/15/bibby-stockholm-asylum-barge-50-charities-demand-closure,2,guardian_81.jpg,guardian_82.jpg,,,,,,,,,,,,,,,,,,,,,,,,,,,,,,,,,,,,,,,,,,,,
https://www.theguardian.com/commentisfree/2024/feb/06/germany-tractor-neo-nazi-economy-politics,2,guardian_83.jpg,guardian_84.jpg,,,,,,,,,,,,,,,,,,,,,,,,,,,,,,,,,,,,,,,,,,,,
https://www.theguardian.com/politics/2023/may/14/labour-considers-plans-to-let-eu-nationals-and-16-year-olds-vote,1,guardian_85.jpg,,,,,,,,,,,,,,,,,,,,,,,,,,,,,,,,,,,,,,,,,,,,,
https://www.theguardian.com/commentisfree/article/2024/may/30/cockroaches-leaks-and-asbestos-my-living-conditions-were-shameful-so-i-named-and-shamed-the-culprits,1,guardian_86.jpg,,,,,,,,,,,,,,,,,,,,,,,,,,,,,,,,,,,,,,,,,,,,,
https://www.theguardian.com/politics/brexit-party,2,guardian_87.jpg,guardian_88.jpg,,,,,,,,,,,,,,,,,,,,,,,,,,,,,,,,,,,,,,,,,,,,
https://www.theguardian.com/uk-news/article/2024/jun/07/threefold-increase-in-lone-child-asylum-seekers-in-uk-figures-show,1,guardian_89.jpg,,,,,,,,,,,,,,,,,,,,,,,,,,,,,,,,,,,,,,,,,,,,,
https://www.theguardian.com/world/2016/jan/03/syrian-refugee-tripped-by-camera-operator-osama-abdul-mohsen-petra-laszlo-hungary,2,guardian_90.jpg,guardian_91.jpg,,,,,,,,,,,,,,,,,,,,,,,,,,,,,,,,,,,,,,,,,,,,
https://www.theguardian.com/society/2024/jan/14/refugees-should-be-treated-with-care-readers-say-why-they-donated-13m-to-charity-appeal,7,guardian_92.jpg,guardian_93.jpg,guardian_94.jpg,guardian_95.jpg,guardian_96.jpg,guardian_97.jpg,guardian_98.jpg,,,,,,,,,,,,,,,,,,,,,,,,,,,,,,,,,,,,,,,
https://www.theguardian.com/global-development/2024/jan/01/food-is-a-tool-for-change-the-turkish-chef-who-empowers-women-helps-refugees-and-serves-a-mean-dobo,5,guardian_99.jpg,guardian_100.jpg,guardian_101.jpg,guardian_102.jpg,guardian_103.jpg,,,,,,,,,,,,,,,,,,,,,,,,,,,,,,,,,,,,,,,,,
https://www.theguardian.com/world/2023/feb/18/refugee-charity-rejects-tory-vice-chairs-claim-they-are-just-as-bad-as-people-smugglers,1,guardian_104.jpg,,,,,,,,,,,,,,,,,,,,,,,,,,,,,,,,,,,,,,,,,,,,,
https://www.theguardian.com/world/2017/oct/14/australia-to-be-elected-to-powerful-un-human-rights-council,1,guardian_105.jpg,,,,,,,,,,,,,,,,,,,,,,,,,,,,,,,,,,,,,,,,,,,,,
https://www.theguardian.com/world/2021/jan/27/lesbos-refugee-site-is-contaminated-by-lead-says-human-rights-watch,1,guardian_106.jpg,,,,,,,,,,,,,,,,,,,,,,,,,,,,,,,,,,,,,,,,,,,,,
https://www.theguardian.com/commentisfree/2018/jun/22/honour-nhs-built-on-immigration-windrush,2,guardian_107.jpg,guardian_108.jpg,,,,,,,,,,,,,,,,,,,,,,,,,,,,,,,,,,,,,,,,,,,,
https://www.theguardian.com/uk-news/article/2024/sep/09/afghan-family-refused-uk-visas-to-join-son-13-evacuated-from-kabul,1,guardian_109.jpg,,,,,,,,,,,,,,,,,,,,,,,,,,,,,,,,,,,,,,,,,,,,,
https://www.theguardian.com/world/2016/oct/19/child-refugees-dental-tests-verify-age-david-davies,1,guardian_110.jpg,,,,,,,,,,,,,,,,,,,,,,,,,,,,,,,,,,,,,,,,,,,,,
https://www.theguardian.com/uk-news/2020/jun/21/khairi-saadallah-reading-terror-suspect-came-to-uk-as-refugee-from-libyan-civil-war,2,guardian_111.jpg,guardian_112.jpg,,,,,,,,,,,,,,,,,,,,,,,,,,,,,,,,,,,,,,,,,,,,
https://www.theguardian.com/uk-news/2020/aug/09/if-i-die-that-is-ok-calais-refugees-nowhere-to-turn,1,guardian_113.jpg,,,,,,,,,,,,,,,,,,,,,,,,,,,,,,,,,,,,,,,,,,,,,
https://www.theguardian.com/uk-news/2015/jun/07/royal-navy-hms-bulwark-mission-rescue-migrants-libya,1,guardian_114.jpeg,,,,,,,,,,,,,,,,,,,,,,,,,,,,,,,,,,,,,,,,,,,,,
https://www.theguardian.com/world/2015/sep/03/germany-france-eu-refugee-quotas-migration-crisis,3,guardian_115.jpg,guardian_116.jpg,guardian_117.jpg,,,,,,,,,,,,,,,,,,,,,,,,,,,,,,,,,,,,,,,,,,,
https://www.theguardian.com/uk-news/2021/dec/07/guard-tells-of-racist-culture-at-g4s-gatwick-immigration-removal-centre-brook-house,1,guardian_118.jpg,,,,,,,,,,,,,,,,,,,,,,,,,,,,,,,,,,,,,,,,,,,,,
https://www.theguardian.com/world/2022/mar/01/a-time-when-britain-welcomed-refugees,1,guardian_119.jpg,,,,,,,,,,,,,,,,,,,,,,,,,,,,,,,,,,,,,,,,,,,,,
https://www.theguardian.com/world/2015/oct/10/cuban-migrant-fears-us-immigration-policy,2,guardian_120.jpg,guardian_121.jpg,,,,,,,,,,,,,,,,,,,,,,,,,,,,,,,,,,,,,,,,,,,,
https://www.theguardian.com/world/2020/mar/12/greece-warned-by-eu-it-must-uphold-the-right-to-asylum,1,guardian_122.jpg,,,,,,,,,,,,,,,,,,,,,,,,,,,,,,,,,,,,,,,,,,,,,
https://www.theguardian.com/world/2016/jun/12/help-refugees-calais-accidental-activists,6,guardian_123.jpg,guardian_124.jpg,guardian_125.jpg,guardian_126.jpg,guardian_127.jpg,guardian_128.jpg,,,,,,,,,,,,,,,,,,,,,,,,,,,,,,,,,,,,,,,,
https://www.theguardian.com/commentisfree/2015/sep/24/refugee-crisis-arab-spring-europe-migration,1,guardian_129.jpg,,,,,,,,,,,,,,,,,,,,,,,,,,,,,,,,,,,,,,,,,,,,,
https://www.theguardian.com/global-development/2021/jun/03/a-question-of-dignity-the-pathologist-identifying-migrants-drowned-in-the-med,7,guardian_130.jpg,guardian_131.jpg,guardian_132.jpg,guardian_133.jpg,guardian_134.jpg,guardian_135.jpg,guardian_136.jpg,,,,,,,,,,,,,,,,,,,,,,,,,,,,,,,,,,,,,,,
https://www.theguardian.com/uk-news/2022/apr/14/rwanda-asylum-seeker-plan-is-just-a-senseless-soundbite,1,guardian_137.jpg,,,,,,,,,,,,,,,,,,,,,,,,,,,,,,,,,,,,,,,,,,,,,
https://www.theguardian.com/uk-news/2022/may/31/home-office-cancels-flight-to-deport-kurdish-asylum-seekers-to-iraq,1,guardian_138.jpg,,,,,,,,,,,,,,,,,,,,,,,,,,,,,,,,,,,,,,,,,,,,,
https://www.theguardian.com/politics/2021/nov/12/brexit-easier-small-boat-crossings-to-reach-uk-refugees-say,1,guardian_139.jpg,,,,,,,,,,,,,,,,,,,,,,,,,,,,,,,,,,,,,,,,,,,,,
https://www.theguardian.com/world/2015/apr/24/libyas-people-smugglers-how-will-they-catch-us-theyll-soon-move-on,6,guardian_140.jpg,guardian_141.jpg,guardian_142.jpg,guardian_143.jpg,guardian_144.jpg,guardian_145.jpg,,,,,,,,,,,,,,,,,,,,,,,,,,,,,,,,,,,,,,,,
https://www.theguardian.com/world/2022/nov/30/european-politicians-accused-of-conspiring-with-libyan-coastguard-to-push-back-refugees,1,guardian_146.jpg,,,,,,,,,,,,,,,,,,,,,,,,,,,,,,,,,,,,,,,,,,,,,
https://www.theguardian.com/uk-news/2018/sep/13/uk-offers-calais-leave-to-children-denied-asylum,1,guardian_147.jpg,,,,,,,,,,,,,,,,,,,,,,,,,,,,,,,,,,,,,,,,,,,,,
https://www.theguardian.com/world/2022/mar/24/migration-violence-mexico-central-america,1,guardian_148.jpg,,,,,,,,,,,,,,,,,,,,,,,,,,,,,,,,,,,,,,,,,,,,,
https://www.theguardian.com/uk-news/2017/mar/09/more-than-5000-crimnal-gangs-operating-in-europe-warns-europol,1,guardian_149.jpg,,,,,,,,,,,,,,,,,,,,,,,,,,,,,,,,,,,,,,,,,,,,,
https://www.theguardian.com/world/2023/dec/18/suspected-arson-attack-wrecks-irish-hotel-house-asylum-seekers,1,guardian_150.jpg,,,,,,,,,,,,,,,,,,,,,,,,,,,,,,,,,,,,,,,,,,,,,
https://www.theguardian.com/global-development/2015/apr/24/katie-hopkins-cockroach-migrants-denounced-united-nations-human-rights-commissioner,1,guardian_151.jpeg,,,,,,,,,,,,,,,,,,,,,,,,,,,,,,,,,,,,,,,,,,,,,
https://www.theguardian.com/world/2017/mar/17/refugees-in-greece-suffering-after-eu-deal-with-turkey-say-ngos,1,guardian_152.jpg,,,,,,,,,,,,,,,,,,,,,,,,,,,,,,,,,,,,,,,,,,,,,
https://www.theguardian.com/world/2019/feb/16/tijuana-migrant-child-murders-mexico-us-asylum,4,guardian_153.jpg,guardian_154.jpg,guardian_155.jpg,guardian_156.jpg,,,,,,,,,,,,,,,,,,,,,,,,,,,,,,,,,,,,,,,,,,
https://www.theguardian.com/global-development/2024/oct/10/photos-croatia-police-phones-passports-asylum-seekers,5,guardian_157.jpg,guardian_158.jpg,guardian_159.jpg,guardian_160.jpg,guardian_161.jpg,,,,,,,,,,,,,,,,,,,,,,,,,,,,,,,,,,,,,,,,,
https://www.theguardian.com/world/2017/apr/05/eu-migration-crisis-frontex-people-traffickers,1,guardian_162.jpg,,,,,,,,,,,,,,,,,,,,,,,,,,,,,,,,,,,,,,,,,,,,,
https://www.theguardian.com/commentisfree/2023/dec/12/rwanda-deal-rwandans-asylum-seekers-human-rights,1,guardian_163.jpg,,,,,,,,,,,,,,,,,,,,,,,,,,,,,,,,,,,,,,,,,,,,,
https://www.theguardian.com/world/2018/jun/19/eu-migrant-processing-centres-north-africa-refugees,1,guardian_164.jpg,,,,,,,,,,,,,,,,,,,,,,,,,,,,,,,,,,,,,,,,,,,,,
https://www.theguardian.com/uk-news/2022/jun/19/gps-tagging-of-migrants-appears-to-contradict-home-office-guidance,1,guardian_165.jpg,,,,,,,,,,,,,,,,,,,,,,,,,,,,,,,,,,,,,,,,,,,,,
https://www.theguardian.com/world/2015/may/06/from-somalia-to-sweden-the-refugee-forced-to-live-apart-from-his-wife-and-child,4,guardian_166.jpeg,guardian_167.jpeg,guardian_168.jpeg,guardian_169.jpeg,,,,,,,,,,,,,,,,,,,,,,,,,,,,,,,,,,,,,,,,,,
https://www.theguardian.com/uk-news/2021/jul/19/charities-raise-alarm-suicides-young-asylum-seekers-uk,1,guardian_170.jpg,,,,,,,,,,,,,,,,,,,,,,,,,,,,,,,,,,,,,,,,,,,,,
https://www.theguardian.com/world/2021/oct/21/chile-jose-antonio-kast-presidential-election-far-right,3,guardian_171.jpg,guardian_172.jpg,guardian_173.jpg,,,,,,,,,,,,,,,,,,,,,,,,,,,,,,,,,,,,,,,,,,,
https://www.theguardian.com/uk-news/2024/dec/23/ons-job-figures-labour-force-survey-data,1,guardian_174.jpg,,,,,,,,,,,,,,,,,,,,,,,,,,,,,,,,,,,,,,,,,,,,,
https://www.theguardian.com/society/video/2023/dec/20/how-refugees-fleeing-war-genocide-and-revolution-find-hope-in-the-uk-video,1,guardian_175.jpg,,,,,,,,,,,,,,,,,,,,,,,,,,,,,,,,,,,,,,,,,,,,,
https://www.theguardian.com/world/2019/jun/27/journey-of-faith-the-guatemalan-pastors-helping-smuggle-people-into-the-us,3,guardian_176.jpg,guardian_177.jpg,guardian_178.jpg,,,,,,,,,,,,,,,,,,,,,,,,,,,,,,,,,,,,,,,,,,,
https://www.theguardian.com/world/2016/jul/28/from-the-cold-war-to-syria-seven-decades-of-refugee-stories-in-britain,8,guardian_179.jpg,guardian_180.jpg,guardian_181.jpg,guardian_182.jpg,guardian_183.jpg,guardian_184.jpg,guardian_185.jpg,guardian_186.jpg,,,,,,,,,,,,,,,,,,,,,,,,,,,,,,,,,,,,,,
https://www.theguardian.com/world/video/2022/aug/03/62-year-old-french-sailor-saved-by-spanish-coastguard-after-16-hours-in-capsized-ship-video,1,guardian_187.jpg,,,,,,,,,,,,,,,,,,,,,,,,,,,,,,,,,,,,,,,,,,,,,
https://www.theguardian.com/uk-news/2022/nov/24/uk-net-migration-figures-record-ons,1,guardian_188.jpg,,,,,,,,,,,,,,,,,,,,,,,,,,,,,,,,,,,,,,,,,,,,,
https://www.theguardian.com/world/2018/aug/02/british-airways-criticised-by-lgbt-groups-over-asylum-removals,1,guardian_189.jpg,,,,,,,,,,,,,,,,,,,,,,,,,,,,,,,,,,,,,,,,,,,,,
https://www.theguardian.com/global-development/2020/oct/09/aid-cuts-and-covid-force-uganda-refugees-to-brink-of-starvation,2,guardian_190.jpg,guardian_191.jpg,,,,,,,,,,,,,,,,,,,,,,,,,,,,,,,,,,,,,,,,,,,,
https://www.theguardian.com/commentisfree/2022/nov/14/channel-crossings-migration-crackdown-suella-braverman,3,guardian_192.jpg,guardian_193.jpg,guardian_194.jpg,,,,,,,,,,,,,,,,,,,,,,,,,,,,,,,,,,,,,,,,,,,
https://www.theguardian.com/world/2016/feb/29/refugees-europe-dutch-war-criminals-migration,1,guardian_195.jpg,,,,,,,,,,,,,,,,,,,,,,,,,,,,,,,,,,,,,,,,,,,,,
https://www.theguardian.com/world/2019/feb/04/i-want-my-family-with-me-syrian-refugee-calls-for-change-to-uk-immigration-rules,2,guardian_196.jpg,guardian_197.jpg,,,,,,,,,,,,,,,,,,,,,,,,,,,,,,,,,,,,,,,,,,,,
https://www.theguardian.com/uk-news/2019/apr/03/ministers-accused-of-cover-up-over-migrant-health-reports-nhs,1,guardian_198.jpg,,,,,,,,,,,,,,,,,,,,,,,,,,,,,,,,,,,,,,,,,,,,,
https://www.theguardian.com/uk-news/2022/jan/24/liverpool-bomber-emad-al-swealmeen-asylum-claim-rejected-before-attack,1,guardian_199.jpg,,,,,,,,,,,,,,,,,,,,,,,,,,,,,,,,,,,,,,,,,,,,,
https://www.theguardian.com/commentisfree/article/2024/jul/02/keir-starmer-revamp-asylum-system,1,guardian_200.jpg,,,,,,,,,,,,,,,,,,,,,,,,,,,,,,,,,,,,,,,,,,,,,
https://www.theguardian.com/world/2015/oct/08/canada-stephen-harper-processing-syrian-refugees,1,guardian_201.jpg,,,,,,,,,,,,,,,,,,,,,,,,,,,,,,,,,,,,,,,,,,,,,
https://www.theguardian.com/politics/live/2025/aug/05/yvette-cooper-small-boats-migrants-uk-france-home-office-uk-politics-live,8,guardian_202.jpg,guardian_203.jpg,guardian_204.jpg,guardian_205.jpg,guardian_206.jpg,guardian_207.jpg,guardian_208.jpg,guardian_209.jpg,,,,,,,,,,,,,,,,,,,,,,,,,,,,,,,,,,,,,,
https://www.theguardian.com/world/2015/dec/08/germany-on-course-to-accept-one-million-refugees-in-2015,3,guardian_210.jpg,guardian_211.jpg,guardian_212.jpg,,,,,,,,,,,,,,,,,,,,,,,,,,,,,,,,,,,,,,,,,,,
https://www.theguardian.com/world/2023/jan/25/asylum-seeking-families-children-face-removal-uk-rwanda,1,guardian_213.jpg,,,,,,,,,,,,,,,,,,,,,,,,,,,,,,,,,,,,,,,,,,,,,
https://www.theguardian.com/world/2021/dec/10/dozens-killed-after-truck-packed-with-migrants-crashes-in-mexico,2,guardian_214.jpg,guardian_215.jpg,,,,,,,,,,,,,,,,,,,,,,,,,,,,,,,,,,,,,,,,,,,,
https://www.theguardian.com/world/2025/mar/18/police-evict-over-400-young-people-occupying-paris-cultural-centre,2,guardian_216.jpg,guardian_217.jpg,,,,,,,,,,,,,,,,,,,,,,,,,,,,,,,,,,,,,,,,,,,,
https://www.theguardian.com/world/2016/jan/28/lars-lokke-rasmussen-danish-pm-popular-support-tackling-refugees,2,guardian_218.jpg,guardian_219.jpg,,,,,,,,,,,,,,,,,,,,,,,,,,,,,,,,,,,,,,,,,,,,
https://www.theguardian.com/world/2020/apr/10/after-war-now-have-this-syrians-grapple-poverty-coronavirus,3,guardian_220.jpg,guardian_221.jpg,guardian_222.jpg,,,,,,,,,,,,,,,,,,,,,,,,,,,,,,,,,,,,,,,,,,,
https://www.theguardian.com/world/2015/may/14/migrant-crisis-south-east-asia-rohingya-malaysia-thailand,5,guardian_223.jpg,guardian_224.jpg,guardian_225.jpg,guardian_226.jpg,guardian_227.jpg,,,,,,,,,,,,,,,,,,,,,,,,,,,,,,,,,,,,,,,,,
https://www.theguardian.com/uk-news/video/2020/feb/12/home-office-asks-101-year-old-italian-man-to-get-his-parents-to-confirm-his-identity-video,1,guardian_228.jpg,,,,,,,,,,,,,,,,,,,,,,,,,,,,,,,,,,,,,,,,,,,,,
https://www.theguardian.com/world/2016/jan/15/switzerland-joins-denmark-in-seizing-assets-from-refugees-to-cover-costs,1,guardian_229.jpg,,,,,,,,,,,,,,,,,,,,,,,,,,,,,,,,,,,,,,,,,,,,,
https://www.theguardian.com/uk-news/2023/dec/28/spains-migration-policy-is-no-shining-example,1,guardian_230.jpg,,,,,,,,,,,,,,,,,,,,,,,,,,,,,,,,,,,,,,,,,,,,,
https://www.theguardian.com/world/2015/may/05/isis-russia-syria-islamic-extremism,6,guardian_231.jpg,guardian_232.jpeg,guardian_233.jpeg,guardian_234.jpeg,guardian_235.jpeg,guardian_236.jpeg,,,,,,,,,,,,,,,,,,,,,,,,,,,,,,,,,,,,,,,,
https://www.theguardian.com/uk-news/2022/feb/14/two-thirds-of-uk-asylum-seekers-on-small-boats-had-hypothermia-or-injuries,2,guardian_237.jpg,guardian_238.jpg,,,,,,,,,,,,,,,,,,,,,,,,,,,,,,,,,,,,,,,,,,,,
https://www.theguardian.com/world/2023/feb/11/children-fleeing-danger-in-small-boats-should-be-deported-says-tory-thinktank,1,guardian_239.jpg,,,,,,,,,,,,,,,,,,,,,,,,,,,,,,,,,,,,,,,,,,,,,
https://www.theguardian.com/uk-news/2022/may/10/home-office-admits-gay-lesbian-refugees-could-be-persecuted-sent-rwanda,1,guardian_240.jpg,,,,,,,,,,,,,,,,,,,,,,,,,,,,,,,,,,,,,,,,,,,,,
https://www.theguardian.com/politics/2021/dec/12/legal-challenge-seeks-to-end-uks-jailing-of-asylum-seekers-who-steer-boats,1,guardian_241.jpg,,,,,,,,,,,,,,,,,,,,,,,,,,,,,,,,,,,,,,,,,,,,,
https://www.theguardian.com/world/2020/may/14/first-coronavirus-case-rohingya-refugee-camps-bangladesh,1,guardian_242.jpg,,,,,,,,,,,,,,,,,,,,,,,,,,,,,,,,,,,,,,,,,,,,,
https://www.theguardian.com/world/2016/jan/12/calais-jungle-residents-defy-bulldozers-police-ultimatum,1,guardian_243.jpg,,,,,,,,,,,,,,,,,,,,,,,,,,,,,,,,,,,,,,,,,,,,,
https://www.theguardian.com/uk-news/2025/aug/12/more-than-50000-people-crossed-channel-in-small-boats-since-labour-took-power,1,guardian_244.jpg,,,,,,,,,,,,,,,,,,,,,,,,,,,,,,,,,,,,,,,,,,,,,
https://www.theguardian.com/uk-news/live/2025/aug/22/asylum-hotels-labour-immigration-protests-conservatives-kemi-badenoch-keir-starmer-uk-politics-live?filterKeyEvents=false&page=with%3Ablock-68a819748f082259ede868c8,2,guardian_245.jpg,guardian_246.jpg,,,,,,,,,,,,,,,,,,,,,,,,,,,,,,,,,,,,,,,,,,,,
https://www.theguardian.com/uk-news/2025/aug/21/number-of-asylum-seekers-housed-in-hotels-rises-8-percent-on-a-year-ago-shows-data,1,guardian_247.jpg,,,,,,,,,,,,,,,,,,,,,,,,,,,,,,,,,,,,,,,,,,,,,
https://www.theguardian.com/world/2022/jul/14/former-refugee-aminata-toure-becomes-germanys-first-black-female-cabinet-minister,1,guardian_248.jpg,,,,,,,,,,,,,,,,,,,,,,,,,,,,,,,,,,,,,,,,,,,,,
https://www.theguardian.com/news/audio/2025/aug/19/how-far-right-rhetoric-on-migration-went-mainstream-podcast,1,guardian_249.jpg,,,,,,,,,,,,,,,,,,,,,,,,,,,,,,,,,,,,,,,,,,,,,
https://www.theguardian.com/uk-news/2023/dec/03/dont-fall-for-the-tory-narrative-of-immigration,1,guardian_250.jpg,,,,,,,,,,,,,,,,,,,,,,,,,,,,,,,,,,,,,,,,,,,,,
https://www.theguardian.com/uk-news/2025/feb/27/uk-is-hostile-environment-for-afghans-amid-rise-in-refusal-of-asylum-claims-lawyer-says,1,guardian_251.jpg,,,,,,,,,,,,,,,,,,,,,,,,,,,,,,,,,,,,,,,,,,,,,
https://www.theguardian.com/uk-news/2019/feb/24/labour-councils-remove-embedded-immigration-officers,1,guardian_252.jpg,,,,,,,,,,,,,,,,,,,,,,,,,,,,,,,,,,,,,,,,,,,,,
https://www.theguardian.com/news/2016/aug/10/i-want-death-nauru-files-chronicle-despair-of-asylum-seeker-children,1,guardian_253.jpg,,,,,,,,,,,,,,,,,,,,,,,,,,,,,,,,,,,,,,,,,,,,,
https://www.theguardian.com/world/article/2024/jul/06/hundreds-in-canary-islands-protest-against-influx-of-migrants,1,guardian_254.jpg,,,,,,,,,,,,,,,,,,,,,,,,,,,,,,,,,,,,,,,,,,,,,
https://www.theguardian.com/commentisfree/2015/aug/16/readers-editor-on-use-of-term-migrant,1,guardian_255.jpg,,,,,,,,,,,,,,,,,,,,,,,,,,,,,,,,,,,,,,,,,,,,,
https://www.theguardian.com/world/2018/oct/21/honduran-migrant-caravan-crosses-into-mexico-through-river,3,guardian_256.jpg,guardian_257.jpg,guardian_258.jpg,,,,,,,,,,,,,,,,,,,,,,,,,,,,,,,,,,,,,,,,,,,
https://www.theguardian.com/world/2016/jan/25/netherlands-claimed-500000-from-refugees-cost-of-living,1,guardian_259.jpg,,,,,,,,,,,,,,,,,,,,,,,,,,,,,,,,,,,,,,,,,,,,,
https://www.theguardian.com/world/2016/may/28/greece-refugee-warehouses-not-fit-for-animals,4,guardian_260.jpg,guardian_261.jpg,guardian_262.jpg,guardian_263.jpg,,,,,,,,,,,,,,,,,,,,,,,,,,,,,,,,,,,,,,,,,,
https://www.theguardian.com/global-development/2020/may/25/lockdown-gives-asylum-seekers-reprieve-and-hope-for-change-in-policy,2,guardian_264.jpg,guardian_265.jpg,,,,,,,,,,,,,,,,,,,,,,,,,,,,,,,,,,,,,,,,,,,,
https://www.theguardian.com/world/2016/aug/10/a-short-history-of-nauru-australias-dumping-ground-for-refugees,1,guardian_266.jpg,,,,,,,,,,,,,,,,,,,,,,,,,,,,,,,,,,,,,,,,,,,,,
https://www.theguardian.com/uk-news/video/2020/jan/21/why-stronger-borders-dont-work,1,guardian_267.jpg,,,,,,,,,,,,,,,,,,,,,,,,,,,,,,,,,,,,,,,,,,,,,
https://www.theguardian.com/uk-news/2020/oct/29/almost-300-asylum-seekers-have-died-trying-to-cross-the-channel-since-1999,1,guardian_268.jpg,,,,,,,,,,,,,,,,,,,,,,,,,,,,,,,,,,,,,,,,,,,,,
https://www.theguardian.com/world/2022/dec/23/im-in-a-safe-place-ukrainian-refugees-mixed-feelings-about-christmas-in-uk,5,guardian_269.jpg,guardian_270.jpg,guardian_271.jpg,guardian_272.jpg,guardian_273.jpg,,,,,,,,,,,,,,,,,,,,,,,,,,,,,,,,,,,,,,,,,
https://www.theguardian.com/uk-news/2023/apr/12/calls-for-better-care-for-asylum-seekers-after-rise-in-diphtheria-cases-in-europe,1,guardian_274.jpg,,,,,,,,,,,,,,,,,,,,,,,,,,,,,,,,,,,,,,,,,,,,,
https://www.theguardian.com/politics/2023/oct/03/suella-braverman-claims-hurricane-of-mass-migration-coming-to-uk,1,guardian_275.jpg,,,,,,,,,,,,,,,,,,,,,,,,,,,,,,,,,,,,,,,,,,,,,
https://www.theguardian.com/world/2023/mar/23/uk-asylum-seekers-who-complain-about-conditions-threatened-with-rwanda,2,guardian_276.jpg,guardian_277.jpg,,,,,,,,,,,,,,,,,,,,,,,,,,,,,,,,,,,,,,,,,,,,
https://www.theguardian.com/commentisfree/2021/dec/04/is-an-acceptance-that-politics-is-a-game-feeding-a-weary-cynicism-about-the-whole-exercise-of-democracy,1,guardian_278.jpg,,,,,,,,,,,,,,,,,,,,,,,,,,,,,,,,,,,,,,,,,,,,,
https://www.theguardian.com/world/2017/jul/17/venezuela-migrants-americas-leaving-home,2,guardian_279.jpg,guardian_280.jpg,,,,,,,,,,,,,,,,,,,,,,,,,,,,,,,,,,,,,,,,,,,,
https://www.theguardian.com/world/2018/apr/10/the-afghan-cop-who-became-a-german-nurse-and-other-refugee-success-stories,4,guardian_281.jpg,guardian_282.jpg,guardian_283.jpg,guardian_284.jpg,,,,,,,,,,,,,,,,,,,,,,,,,,,,,,,,,,,,,,,,,,
https://www.theguardian.com/world/2018/apr/25/top-un-officials-voice-fears-of-new-aleppo-in-syrias-idlib-province,2,guardian_285.jpg,guardian_286.jpg,,,,,,,,,,,,,,,,,,,,,,,,,,,,,,,,,,,,,,,,,,,,
https://www.theguardian.com/world/2015/apr/01/record-number-of-migrants-expected-to-drown-in-mediterranean-this-year,1,guardian_287.jpeg,,,,,,,,,,,,,,,,,,,,,,,,,,,,,,,,,,,,,,,,,,,,,
https://www.theguardian.com/uk-news/2023/aug/25/asylum-seekers-bibby-stockholm-conditions-suicide-attempt,2,guardian_288.jpg,guardian_289.jpg,,,,,,,,,,,,,,,,,,,,,,,,,,,,,,,,,,,,,,,,,,,,
https://www.theguardian.com/world/2015/jul/08/greek-island-refugee-crisis-local-people-and-tourists-rally-round-migrants,5,guardian_290.jpg,guardian_291.jpg,guardian_292.jpg,guardian_293.jpg,guardian_294.jpg,,,,,,,,,,,,,,,,,,,,,,,,,,,,,,,,,,,,,,,,,
https://www.theguardian.com/world/2023/may/25/proposed-uk-laws-are-labelling-refugees-as-criminals-says-european-report,1,guardian_295.jpg,,,,,,,,,,,,,,,,,,,,,,,,,,,,,,,,,,,,,,,,,,,,,
https://www.theguardian.com/commentisfree/2020/oct/02/australias-offshore-asylum-centres-have-been-a-cruel-disaster-they-must-not-be-replicated-by-the-uk,1,guardian_296.jpg,,,,,,,,,,,,,,,,,,,,,,,,,,,,,,,,,,,,,,,,,,,,,
https://www.theguardian.com/commentisfree/article/2024/jun/25/after-a-decade-in-detention-i-call-australia-home-labors-deportation-bill-is-horrific,1,guardian_297.jpg,,,,,,,,,,,,,,,,,,,,,,,,,,,,,,,,,,,,,,,,,,,,,
https://www.theguardian.com/news/2018/feb/01/migrants-more-profitable-than-drugs-how-mafia-infiltrated-italy-asylum-system,3,guardian_298.jpg,guardian_299.jpg,guardian_300.jpg,,,,,,,,,,,,,,,,,,,,,,,,,,,,,,,,,,,,,,,,,,,
https://www.theguardian.com/uk-news/2024/apr/01/former-raf-base-to-house-asylum-seekers-is-contaminated-government-letters-say-scampton-lincolnshire,1,guardian_301.jpg,,,,,,,,,,,,,,,,,,,,,,,,,,,,,,,,,,,,,,,,,,,,,
https://www.theguardian.com/uk-news/2025/jul/25/home-office-to-penalise-asylum-seekers-who-refuse-to-move-out-of-hotels,2,guardian_302.jpg,guardian_303.jpg,,,,,,,,,,,,,,,,,,,,,,,,,,,,,,,,,,,,,,,,,,,,
https://www.theguardian.com/global-development/2025/aug/03/mountains-refugees-mountaineering-peace-friendship-alpine-climb,7,guardian_304.jpg,guardian_305.jpg,guardian_306.jpg,guardian_307.jpg,guardian_308.jpg,guardian_309.jpg,guardian_310.jpg,,,,,,,,,,,,,,,,,,,,,,,,,,,,,,,,,,,,,,,
https://www.theguardian.com/world/2018/jan/03/benjamin-netanyahu-asks-if-african-migrants-can-be-forcibly-removed-from-israel,1,guardian_311.jpg,,,,,,,,,,,,,,,,,,,,,,,,,,,,,,,,,,,,,,,,,,,,,
https://www.theguardian.com/uk-news/article/2024/sep/05/simply-smashing-the-gangs-will-not-stop-channel-crossing-deaths,1,guardian_312.jpg,,,,,,,,,,,,,,,,,,,,,,,,,,,,,,,,,,,,,,,,,,,,,
https://www.theguardian.com/uk-news/2023/aug/06/fines-increase-housing-employing-asylum-seekers-uk,1,guardian_313.jpg,,,,,,,,,,,,,,,,,,,,,,,,,,,,,,,,,,,,,,,,,,,,,
https://www.theguardian.com/world/2018/mar/19/sutera-italy-the-sicilian-town-revived-by-refugees,4,guardian_314.jpg,guardian_315.jpg,guardian_316.jpg,guardian_317.jpg,,,,,,,,,,,,,,,,,,,,,,,,,,,,,,,,,,,,,,,,,,
https://www.theguardian.com/politics/2018/apr/26/amber-rudd-admits-home-office-set-local-targets-for-deportations,1,guardian_318.jpg,,,,,,,,,,,,,,,,,,,,,,,,,,,,,,,,,,,,,,,,,,,,,
https://www.theguardian.com/commentisfree/2022/jun/13/king-charles-monarch-who-speaks-his-mind-asylum-seekers-rwanda,1,guardian_319.jpg,,,,,,,,,,,,,,,,,,,,,,,,,,,,,,,,,,,,,,,,,,,,,
https://www.theguardian.com/world/2014/dec/31/four-migrants-found-dead-cargo-ship-italy,1,guardian_320.jpg,,,,,,,,,,,,,,,,,,,,,,,,,,,,,,,,,,,,,,,,,,,,,
https://www.theguardian.com/world/2018/jan/14/britain-must-pay-more-for-calais-migrants-says-french-minister,1,guardian_321.jpg,,,,,,,,,,,,,,,,,,,,,,,,,,,,,,,,,,,,,,,,,,,,,
https://www.theguardian.com/politics/2024/feb/01/ex-mp-simon-danczuk-suspended-for-sexting-to-fight-byelection-for-reform,1,guardian_322.jpg,,,,,,,,,,,,,,,,,,,,,,,,,,,,,,,,,,,,,,,,,,,,,
https://www.theguardian.com/uk-news/2018/jun/17/suicides-raise-alarm-about-uk-treatment-of-child-refugees-eritrean,3,guardian_323.jpg,guardian_324.jpg,guardian_325.jpg,,,,,,,,,,,,,,,,,,,,,,,,,,,,,,,,,,,,,,,,,,,
https://www.theguardian.com/world/commentisfree/2021/sep/21/refugee-crisis-two-myths-angela-merkel,1,guardian_326.jpg,,,,,,,,,,,,,,,,,,,,,,,,,,,,,,,,,,,,,,,,,,,,,
https://www.theguardian.com/world/article/2024/jun/13/hungary-fined-over-treatment-of-asylum-seekers-in-unprecedented-breach-of-eu-law,1,guardian_327.jpg,,,,,,,,,,,,,,,,,,,,,,,,,,,,,,,,,,,,,,,,,,,,,
https://www.theguardian.com/world/2022/nov/02/wednesday-briefing-the-reality-behind-suella-bravermans-claims-of-an-asylum-seeker-invasion,8,guardian_328.jpg,guardian_329.jpg,guardian_330.jpg,guardian_331.jpg,guardian_332.jpg,guardian_333.jpg,guardian_334.jpg,guardian_335.jpg,,,,,,,,,,,,,,,,,,,,,,,,,,,,,,,,,,,,,,
https://www.theguardian.com/uk-news/2025/jun/27/ukrainians-who-fled-to-uk-being-refused-asylum-on-grounds-it-is-safe-to-return,2,guardian_336.jpg,guardian_337.jpg,,,,,,,,,,,,,,,,,,,,,,,,,,,,,,,,,,,,,,,,,,,,
https://www.theguardian.com/world/2022/oct/18/tamil-refugees-on-chagos-islands-fear-deportation-under-rwanda-type-plan,2,guardian_338.jpg,guardian_339.jpg,,,,,,,,,,,,,,,,,,,,,,,,,,,,,,,,,,,,,,,,,,,,
https://www.theguardian.com/politics/2024/nov/15/tory-pair-backed-rushed-misjudged-asylum-site-purchase-watchdog-northeye,1,guardian_340.jpg,,,,,,,,,,,,,,,,,,,,,,,,,,,,,,,,,,,,,,,,,,,,,
https://www.theguardian.com/uk-news/2020/oct/17/refugee-supporters-clash-with-far-right-activists-in-kent-protests,1,guardian_341.jpg,,,,,,,,,,,,,,,,,,,,,,,,,,,,,,,,,,,,,,,,,,,,,
https://www.theguardian.com/world/2018/jul/31/afghanistan-attackers-take-dozens-hostage-after-suicide-bombing,1,guardian_342.jpg,,,,,,,,,,,,,,,,,,,,,,,,,,,,,,,,,,,,,,,,,,,,,
https://www.theguardian.com/uk-news/2024/mar/14/call-refugees-uk-twice-long-find-homes-hotel-evictions,1,guardian_343.jpg,,,,,,,,,,,,,,,,,,,,,,,,,,,,,,,,,,,,,,,,,,,,,
https://www.theguardian.com/world/2020/feb/03/india-migrants-mexico-us-border,3,guardian_344.jpg,guardian_345.jpg,guardian_346.jpg,,,,,,,,,,,,,,,,,,,,,,,,,,,,,,,,,,,,,,,,,,,
https://www.theguardian.com/uk-news/2025/apr/09/rwanda-scheme-asylum-seeker-claims-processed-uk,1,guardian_347.jpg,,,,,,,,,,,,,,,,,,,,,,,,,,,,,,,,,,,,,,,,,,,,,
https://www.theguardian.com/world/2017/may/31/belize-central-america-refugees-immigration,3,guardian_348.jpg,guardian_349.jpg,guardian_350.jpg,,,,,,,,,,,,,,,,,,,,,,,,,,,,,,,,,,,,,,,,,,,
https://www.theguardian.com/uk-news/2022/jun/22/nine-in-10-people-refused-asylum-in-2020-free-to-remain-in-uk-home-office,1,guardian_351.jpg,,,,,,,,,,,,,,,,,,,,,,,,,,,,,,,,,,,,,,,,,,,,,
https://www.theguardian.com/global/video/2018/oct/15/trumps-fiery-interview-with-60-minutes-video,1,guardian_352.jpg,,,,,,,,,,,,,,,,,,,,,,,,,,,,,,,,,,,,,,,,,,,,,
https://www.theguardian.com/uk-news/2019/jun/23/cooking-link-refugees-neighbours,4,guardian_353.jpg,guardian_354.jpg,guardian_355.jpg,guardian_356.jpg,,,,,,,,,,,,,,,,,,,,,,,,,,,,,,,,,,,,,,,,,,
https://www.theguardian.com/world/2020/nov/26/new-zealandsfirst-african-mp-ibrahim-omer-eritrea-maiden-speech-tears,1,guardian_357.jpg,,,,,,,,,,,,,,,,,,,,,,,,,,,,,,,,,,,,,,,,,,,,,
https://www.theguardian.com/world/2016/may/31/migrants-will-need-good-english-in-post-brexit-uk-says-leave-campaign,1,guardian_358.jpg,,,,,,,,,,,,,,,,,,,,,,,,,,,,,,,,,,,,,,,,,,,,,
https://www.theguardian.com/commentisfree/2025/aug/09/spain-economy-strawberries-pickers-migrant-gdp,1,guardian_359.jpg,,,,,,,,,,,,,,,,,,,,,,,,,,,,,,,,,,,,,,,,,,,,,
https://www.theguardian.com/world/2021/sep/01/afghan-refugees-arrive-us,4,guardian_360.jpg,guardian_361.jpg,guardian_362.jpg,guardian_363.jpg,,,,,,,,,,,,,,,,,,,,,,,,,,,,,,,,,,,,,,,,,,
https://www.theguardian.com/world/2019/oct/04/human-trafficker-at-meeting-italy-libya-migration-abd-al-rahman-milad,2,guardian_364.jpg,guardian_365.jpg,,,,,,,,,,,,,,,,,,,,,,,,,,,,,,,,,,,,,,,,,,,,
https://www.theguardian.com/uk-news/2023/sep/22/fear-of-x-ray-age-tests-may-force-uk-child-asylum-seekers-to-flee,1,guardian_366.jpg,,,,,,,,,,,,,,,,,,,,,,,,,,,,,,,,,,,,,,,,,,,,,
https://www.theguardian.com/world/2015/dec/23/photojournalist-tells-the-story-behind-eight-powerful-photos-of-refugees,8,guardian_367.jpg,guardian_368.jpg,guardian_369.jpg,guardian_370.jpg,guardian_371.jpg,guardian_372.jpg,guardian_373.jpg,guardian_374.jpg,,,,,,,,,,,,,,,,,,,,,,,,,,,,,,,,,,,,,,
https://www.theguardian.com/global-development/2023/mar/27/qatar-world-cup-migrant-workers-stranded-jobless,3,guardian_375.jpg,guardian_376.jpg,guardian_377.jpg,,,,,,,,,,,,,,,,,,,,,,,,,,,,,,,,,,,,,,,,,,,
https://www.theguardian.com/global-development/2023/nov/16/workers-rights-were-touted-to-be-part-of-the-qatar-world-cups-legacy-one-year-on-what-has-changed,2,guardian_378.jpg,guardian_379.jpg,,,,,,,,,,,,,,,,,,,,,,,,,,,,,,,,,,,,,,,,,,,,
https://www.theguardian.com/world/2022/sep/20/all-we-want-is-to-be-able-to-live-migrants-left-destitute-in-italian-border-town,2,guardian_380.jpg,guardian_381.jpg,,,,,,,,,,,,,,,,,,,,,,,,,,,,,,,,,,,,,,,,,,,,
https://www.theguardian.com/world/2020/feb/05/salvadorans-deported-us-killed-abused-report,2,guardian_382.jpg,guardian_383.jpg,,,,,,,,,,,,,,,,,,,,,,,,,,,,,,,,,,,,,,,,,,,,
https://www.theguardian.com/uk-news/2024/may/01/father-of-girl-died-channel-family-feared-deported-iraq,1,guardian_384.jpg,,,,,,,,,,,,,,,,,,,,,,,,,,,,,,,,,,,,,,,,,,,,,
https://www.theguardian.com/uk-news/video/2023/may/23/cardiff-cctv-footage-police-e-bike,1,guardian_385.jpg,,,,,,,,,,,,,,,,,,,,,,,,,,,,,,,,,,,,,,,,,,,,,
https://www.theguardian.com/global-development/2020/apr/07/coronavirus-doesnt-respect-barbed-wire-concern-mounts-for-greek-camps,3,guardian_386.jpg,guardian_387.jpg,guardian_388.jpg,,,,,,,,,,,,,,,,,,,,,,,,,,,,,,,,,,,,,,,,,,,
https://www.theguardian.com/world/2015/jul/02/poles-dont-want-immigrants-they-dont-understand-them-dont-like-them,1,guardian_389.jpeg,,,,,,,,,,,,,,,,,,,,,,,,,,,,,,,,,,,,,,,,,,,,,
https://www.theguardian.com/world/2025/may/07/uk-asylum-seeker-accommodation-costs-over-decade-triple-to-15bn-nao,1,guardian_390.jpg,,,,,,,,,,,,,,,,,,,,,,,,,,,,,,,,,,,,,,,,,,,,,
https://www.theguardian.com/global-development/2018/jul/18/libya-migrant-centres-close-to-breaking-point-spike-new-arrivals,2,guardian_391.jpg,guardian_392.jpg,,,,,,,,,,,,,,,,,,,,,,,,,,,,,,,,,,,,,,,,,,,,
https://www.theguardian.com/uk-news/2023/jul/31/watchdog-shuts-three-solicitors-firms-accused-in-asylum-sting,1,guardian_393.jpg,,,,,,,,,,,,,,,,,,,,,,,,,,,,,,,,,,,,,,,,,,,,,
https://www.theguardian.com/politics/2025/feb/06/labour-launches-ads-in-reform-style-livery-to-boast-about-deportations,1,guardian_394.jpg,,,,,,,,,,,,,,,,,,,,,,,,,,,,,,,,,,,,,,,,,,,,,
https://www.theguardian.com/world/2020/aug/20/behind-the-channel-crossings-migrant-stories-of-life-or-death-in-tiny-inflatables,1,guardian_395.jpg,,,,,,,,,,,,,,,,,,,,,,,,,,,,,,,,,,,,,,,,,,,,,
https://www.theguardian.com/global-development/2024/feb/12/immigrant-child-laborers-killed-factories-osha,2,guardian_396.jpg,guardian_397.jpg,,,,,,,,,,,,,,,,,,,,,,,,,,,,,,,,,,,,,,,,,,,,
https://www.theguardian.com/world/2017/dec/19/asylum-seekers-record-festive-single-one-heart-refugee-choir,1,guardian_398.jpg,,,,,,,,,,,,,,,,,,,,,,,,,,,,,,,,,,,,,,,,,,,,,
https://www.theguardian.com/world/2019/mar/27/eu-to-stop-mediterranean-migrant-rescue-boat-patrols,1,guardian_399.jpg,,,,,,,,,,,,,,,,,,,,,,,,,,,,,,,,,,,,,,,,,,,,,
https://www.theguardian.com/uk-news/2025/jan/04/home-office-rwanda-asylum-seekers-guards-escort-officers-redundancies,1,guardian_400.jpg,,,,,,,,,,,,,,,,,,,,,,,,,,,,,,,,,,,,,,,,,,,,,
https://www.theguardian.com/world/2017/jul/04/austrian-troops-to-stop-migrants-crossing-border-with-italy,1,guardian_401.jpg,,,,,,,,,,,,,,,,,,,,,,,,,,,,,,,,,,,,,,,,,,,,,
https://www.theguardian.com/world/2020/jan/10/italian-comedy-tolo-tolo-migrant-crisis-infuriates-far-right-italy-salvini,3,guardian_402.jpg,guardian_403.jpg,guardian_404.jpg,,,,,,,,,,,,,,,,,,,,,,,,,,,,,,,,,,,,,,,,,,,
https://www.theguardian.com/uk-news/2022/feb/15/does-not-seem-possible-londoner-who-wants-house-afghan-refugee,1,guardian_405.jpg,,,,,,,,,,,,,,,,,,,,,,,,,,,,,,,,,,,,,,,,,,,,,
https://www.theguardian.com/commentisfree/2022/may/24/west-view-rwanda-uk-refugee-deal-president-kagame,1,guardian_406.jpg,,,,,,,,,,,,,,,,,,,,,,,,,,,,,,,,,,,,,,,,,,,,,
https://www.theguardian.com/world/2021/jan/12/uighur-xinjiang-re-education-camp-china-gulbahar-haitiwaji,4,guardian_407.jpg,guardian_408.jpg,guardian_409.jpg,guardian_410.jpg,,,,,,,,,,,,,,,,,,,,,,,,,,,,,,,,,,,,,,,,,,
https://www.theguardian.com/commentisfree/2020/aug/27/greece-migration-europe-athens-refugees,1,guardian_411.jpg,,,,,,,,,,,,,,,,,,,,,,,,,,,,,,,,,,,,,,,,,,,,,
https://www.theguardian.com/uk-news/2025/mar/19/mass-asylum-seeker-accommodation-at-napier-barracks-kent-to-close,1,guardian_412.jpg,,,,,,,,,,,,,,,,,,,,,,,,,,,,,,,,,,,,,,,,,,,,,
https://www.theguardian.com/uk-news/2015/jul/29/calais-one-dead-1500-migrants-storm-eurotunnel-terminal,2,guardian_413.jpg,guardian_414.jpg,,,,,,,,,,,,,,,,,,,,,,,,,,,,,,,,,,,,,,,,,,,,
https://www.theguardian.com/uk-news/article/2024/jun/13/next-uk-government-payouts-asylum-seekers-detained-rwanda-deportation,1,guardian_415.jpg,,,,,,,,,,,,,,,,,,,,,,,,,,,,,,,,,,,,,,,,,,,,,
https://www.theguardian.com/world/2025/aug/20/people-killed-as-bus-collides-with-fuel-truck-herat-western-afghanistan,2,guardian_416.jpg,guardian_417.jpg,,,,,,,,,,,,,,,,,,,,,,,,,,,,,,,,,,,,,,,,,,,,
https://www.theguardian.com/world/2017/may/03/i-am-fan-yusu-china-gripped-by-dickensian-tale-of-a-migrant-workers-struggle,1,guardian_418.jpg,,,,,,,,,,,,,,,,,,,,,,,,,,,,,,,,,,,,,,,,,,,,,
https://www.theguardian.com/commentisfree/2023/mar/29/dominic-raab-refugees-hotels-safety,1,guardian_419.jpg,,,,,,,,,,,,,,,,,,,,,,,,,,,,,,,,,,,,,,,,,,,,,
https://www.theguardian.com/global-development/2022/sep/01/speak-out-against-pushbacks-youre-an-enemy-of-greece-says-refugee-hero,1,guardian_420.jpg,,,,,,,,,,,,,,,,,,,,,,,,,,,,,,,,,,,,,,,,,,,,,
https://www.theguardian.com/uk-news/2018/apr/02/home-office-letter-asylum-seekers-go-home,1,guardian_421.jpg,,,,,,,,,,,,,,,,,,,,,,,,,,,,,,,,,,,,,,,,,,,,,
https://www.theguardian.com/world/2015/aug/14/nauru-detention-centre-guards-joked-about-shooting-detainees-before-riot,1,guardian_422.jpg,,,,,,,,,,,,,,,,,,,,,,,,,,,,,,,,,,,,,,,,,,,,,
https://www.theguardian.com/world/2020/mar/23/million-undocumented-migrants-could-go-hungry-say-charities,1,guardian_423.jpg,,,,,,,,,,,,,,,,,,,,,,,,,,,,,,,,,,,,,,,,,,,,,
https://www.theguardian.com/global/video/2020/jul/23/children-fall-from-third-floor-apartment-to-escape-fire-in-french-city-of-grenoble-video,1,guardian_424.jpg,,,,,,,,,,,,,,,,,,,,,,,,,,,,,,,,,,,,,,,,,,,,,
https://www.theguardian.com/uk-news/2024/feb/03/search-clapham-chemical-attack-suspect-police-london-abdul-ezedi,2,guardian_425.jpg,guardian_426.jpg,,,,,,,,,,,,,,,,,,,,,,,,,,,,,,,,,,,,,,,,,,,,
https://www.theguardian.com/world/2015/dec/03/swedish-government-proposes-bridge-closure-as-refugee-numbers-rise,1,guardian_427.jpg,,,,,,,,,,,,,,,,,,,,,,,,,,,,,,,,,,,,,,,,,,,,,
https://www.theguardian.com/uk-news/2022/jun/10/home-office-misled-refugees-about-un-involvement-in-rwanda-plans-court-told,1,guardian_428.jpg,,,,,,,,,,,,,,,,,,,,,,,,,,,,,,,,,,,,,,,,,,,,,
https://www.theguardian.com/uk-news/2022/aug/29/home-office-pays-aeolian-offshore-channel-crossings,1,guardian_429.jpg,,,,,,,,,,,,,,,,,,,,,,,,,,,,,,,,,,,,,,,,,,,,,
https://www.theguardian.com/world/2015/sep/07/syrian-refugee-crisis-can-only-be-resolved-when-all-concerned-shoulder-their-responsibilities,1,guardian_430.jpg,,,,,,,,,,,,,,,,,,,,,,,,,,,,,,,,,,,,,,,,,,,,,
https://www.theguardian.com/uk-news/2023/may/25/welcoming-refugees-into-our-home-has-enriched-our-lives,1,guardian_431.jpg,,,,,,,,,,,,,,,,,,,,,,,,,,,,,,,,,,,,,,,,,,,,,
https://www.theguardian.com/global-development/2021/nov/28/channel-crossings-asylum-refugees-dangerous-journey,1,guardian_432.jpg,,,,,,,,,,,,,,,,,,,,,,,,,,,,,,,,,,,,,,,,,,,,,
https://www.theguardian.com/world/2024/oct/15/ursual-von-der-leyen-to-ask-eu-leaders-to-explore-using-return-hubs-for-migrants,1,guardian_433.jpg,,,,,,,,,,,,,,,,,,,,,,,,,,,,,,,,,,,,,,,,,,,,,
https://www.theguardian.com/world/2022/may/25/canada-refugee-asylum-seekers-roxham-road,3,guardian_434.jpg,guardian_435.jpg,guardian_436.jpg,,,,,,,,,,,,,,,,,,,,,,,,,,,,,,,,,,,,,,,,,,,